command	availability	go_package	effective_owner	implementation_source	parser_model	base_synopsis	conditional_synopsis	applicability	required_options	conditional_options	gnu_only_options	option_arguments	operands	operand_rules	special_tokens	stdin	environment	output	effects	diagnostics	exit_status	clause_ids	evidence_ids	tests	evidence_state
alias	shell_only	-	shell	shell:alias	shell_builtin	alias [alias-name[=string]...]	-	base	-	-	-	-	alias-name;alias-name=string	Use operands in the order and cardinality shown by each applicable synopsis; defined operand forms: alias-name;alias-name=string.	-:no command-specific operand meaning beyond the displayed synopsis;--:end options where POSIX Utility Syntax Guideline 10 applies	No command-specific standard-input use; the POSIX STDIN clause remains authoritative.	LANG;LC_ALL;LC_CTYPE;LC_MESSAGES;NLSPATH	Write the specified result to standard output; diagnostics use standard error.	stdout_or_diagnostic	Write diagnostics required by POSIX to standard error.	0 on successful completion; greater than 0 on error, except where POSIX defines command-specific values.	XCU:alias:SYNOPSIS,OPTIONS,OPERANDS,ENVIRONMENT_VARIABLES,STDIN,INPUT_FILES,STDOUT,STDERR,OUTPUT_FILES,EXIT_STATUS,CONSEQUENCES_OF_ERRORS	POSIX08-2016:https://pubs.opengroup.org/onlinepubs/9699919799.2016edition/utilities/alias.html;REPO:SHELL:alias	scripts/posix_manifest_test.py;repository evidence named by evidence_ids	specified
ar	external_provider	cmds/posixproviders	external_provider	pkg/posixprovider/manifest.tsv#ar	external	ar -m -a [-v] posname archive file... ; ar -m -b [-v] posname archive file... ; ar -m -i [-v] posname archive file... ; ar -r [-cuv] archive file... ; ar -r -b [-cuv] posname archive file... ; ar -r -i [-cuv] posname archive file...	development::ar -d [-v] archive file... ; xsi::ar -m [-v] archive file... ; xsi::ar -p [-v] [-s] archive [file...] ; xsi::ar -q [-cv] archive file... ; xsi::ar -r -a [-cuv] posname archive file... ; xsi::ar -t [-v] [-s] archive [file...] ; xsi::ar -x [-v] [-sCT] archive [file...]	base;xsi;development	-a;-b;-c;-i;-m;-r;-u;-v	development:-d;xsi:-C,-p,-q,-s,-t,-T,-x	-	-	archive;file;posname	Use operands in the order and cardinality shown by each applicable synopsis; defined operand forms: archive;file;posname.	-:no command-specific operand meaning beyond the displayed synopsis;--:end options where POSIX Utility Syntax Guideline 10 applies	No command-specific standard-input use; the POSIX STDIN clause remains authoritative.	LANG;LC_ALL;LC_CTYPE;LC_MESSAGES;LC_TIME;NLSPATH;TMPDIR;TZ	Produce the files, state changes, terminal/peer actions, or other effects specified by POSIX.	filesystem	Write diagnostics required by POSIX to standard error.	0 on successful completion; greater than 0 on error, except where POSIX defines command-specific values.	XCU:ar:SYNOPSIS,OPTIONS,OPERANDS,ENVIRONMENT_VARIABLES,STDIN,INPUT_FILES,STDOUT,STDERR,OUTPUT_FILES,EXIT_STATUS,CONSEQUENCES_OF_ERRORS	POSIX08-2016:https://pubs.opengroup.org/onlinepubs/9699919799.2016edition/utilities/ar.html;REPO:pkg/posixprovider/manifest.tsv#ar	scripts/posix_manifest_test.py;repository evidence named by evidence_ids	specified
at	go	cmds/at	go	cmds/at	flagset	at [-m] [-f file] [-q queuename] -t time_arg ; at [-m] [-f file] [-q queuename] timespec... ; at -r at_job_id... ; at -l -q queuename ; at -l [at_job_id...]	-	base	-f;-l;-m;-q;-r;-t	-	-	-f=<file>;-q=<queuename>;-t=<time_arg>	at_job_id;timespec;time;midnight;noon;now;date;today;tomorrow;increment	Use operands in the order and cardinality shown by each applicable synopsis; defined operand forms: at_job_id;timespec;time;midnight;noon;now;date;today;tomorrow;increment.	-:no command-specific operand meaning beyond the displayed synopsis;--:end options where POSIX Utility Syntax Guideline 10 applies	Read standard input when the applicable synopsis supplies no input-file operand.	LANG;LC_ALL;LC_CTYPE;LC_MESSAGES;NLSPATH;LC_TIME;SHELL;TZ	Produce the files, state changes, terminal/peer actions, or other effects specified by POSIX.	process_or_shell_state	Write diagnostics required by POSIX to standard error.	0 on successful completion; greater than 0 on error, except where POSIX defines command-specific values.	XCU:at:SYNOPSIS,OPTIONS,OPERANDS,ENVIRONMENT_VARIABLES,STDIN,INPUT_FILES,STDOUT,STDERR,OUTPUT_FILES,EXIT_STATUS,CONSEQUENCES_OF_ERRORS	POSIX08-2016:https://pubs.opengroup.org/onlinepubs/9699919799.2016edition/utilities/at.html;REPO:cmds/at	scripts/posix_manifest_test.py;repository evidence named by evidence_ids	specified
awk	go	cmds/awk	go	cmds/awk	custom	awk [-F sepstring] [-v assignment]... program [argument...] ; awk [-F sepstring] -f progfile [-f progfile]... [-v assignment]... [argument...]	-	base	-F;-f;-v	-	-	-F=<sepstring>;-f=<progfile>;-v=<assignment>	program;argument;file;assignment	Use operands in the order and cardinality shown by each applicable synopsis; defined operand forms: program;argument;file;assignment.	-:select standard input in a file-operand position;--:end options where POSIX Utility Syntax Guideline 10 applies	Read standard input for a '-' file operand as permitted by the synopsis.	LANG;LC_ALL;LC_COLLATE;LC_CTYPE;LC_MESSAGES;LC_NUMERIC;NLSPATH;PATH	Write the required result format to standard output.	stdout	Write diagnostics required by POSIX to standard error.	0 on successful completion; greater than 0 on error, except where POSIX defines command-specific values.	XCU:awk:SYNOPSIS,OPTIONS,OPERANDS,ENVIRONMENT_VARIABLES,STDIN,INPUT_FILES,STDOUT,STDERR,OUTPUT_FILES,EXIT_STATUS,CONSEQUENCES_OF_ERRORS	POSIX08-2016:https://pubs.opengroup.org/onlinepubs/9699919799.2016edition/utilities/awk.html;REPO:cmds/awk	scripts/posix_manifest_test.py;repository evidence named by evidence_ids	specified
basename	go	cmds/basename	go	cmds/basename	flagset	basename string [suffix]	-	base	-	-	-	-	string;suffix	Use operands in the order and cardinality shown by each applicable synopsis; defined operand forms: string;suffix.	-:no command-specific operand meaning beyond the displayed synopsis;--:end options where POSIX Utility Syntax Guideline 10 applies	No command-specific standard-input use; the POSIX STDIN clause remains authoritative.	LANG;LC_ALL;LC_CTYPE;LC_MESSAGES;NLSPATH	Write the specified result to standard output; diagnostics use standard error.	stdout_or_diagnostic	Write diagnostics required by POSIX to standard error.	0 on successful completion; greater than 0 on error, except where POSIX defines command-specific values.	XCU:basename:SYNOPSIS,OPTIONS,OPERANDS,ENVIRONMENT_VARIABLES,STDIN,INPUT_FILES,STDOUT,STDERR,OUTPUT_FILES,EXIT_STATUS,CONSEQUENCES_OF_ERRORS	POSIX08-2016:https://pubs.opengroup.org/onlinepubs/9699919799.2016edition/utilities/basename.html;REPO:cmds/basename	scripts/posix_manifest_test.py;repository evidence named by evidence_ids	specified
batch	go	cmds/batch	go	cmds/batch	flagset	batch	-	base	-	-	-	-	-	No operands are specified; use exactly the option-only or operand-free synopsis.	-:no command-specific operand meaning beyond the displayed synopsis;--:end options where POSIX Utility Syntax Guideline 10 applies	Read standard input when the applicable synopsis supplies no input-file operand.	LANG;LC_ALL;LC_CTYPE;LC_MESSAGES;LC_TIME;NLSPATH;SHELL;TZ	Produce the files, state changes, terminal/peer actions, or other effects specified by POSIX.	process_or_shell_state	Write diagnostics required by POSIX to standard error.	0 on successful completion; greater than 0 on error, except where POSIX defines command-specific values.	XCU:batch:SYNOPSIS,OPTIONS,OPERANDS,ENVIRONMENT_VARIABLES,STDIN,INPUT_FILES,STDOUT,STDERR,OUTPUT_FILES,EXIT_STATUS,CONSEQUENCES_OF_ERRORS	POSIX08-2016:https://pubs.opengroup.org/onlinepubs/9699919799.2016edition/utilities/batch.html;REPO:cmds/batch	scripts/posix_manifest_test.py;repository evidence named by evidence_ids	specified
bc	external_provider	cmds/posixproviders	external_provider	pkg/posixprovider/manifest.tsv#bc	external	bc [-l] [file...]	-	base	-l	-	-	-	file	Use operands in the order and cardinality shown by each applicable synopsis; defined operand forms: file.	-:select standard input in a file-operand position;--:end options where POSIX Utility Syntax Guideline 10 applies	Read standard input for a '-' file operand and when no file operand is supplied.	LANG;LC_ALL;LC_CTYPE;LC_MESSAGES;NLSPATH	Write the required result format to standard output.	stdout	Write diagnostics required by POSIX to standard error.	0 on successful completion; greater than 0 on error, except where POSIX defines command-specific values.	XCU:bc:SYNOPSIS,OPTIONS,OPERANDS,ENVIRONMENT_VARIABLES,STDIN,INPUT_FILES,STDOUT,STDERR,OUTPUT_FILES,EXIT_STATUS,CONSEQUENCES_OF_ERRORS	POSIX08-2016:https://pubs.opengroup.org/onlinepubs/9699919799.2016edition/utilities/bc.html;REPO:pkg/posixprovider/manifest.tsv#bc	scripts/posix_manifest_test.py;repository evidence named by evidence_ids	specified
bg	shell_only	-	shell	shell:bg	shell_builtin	-	optional::bg [job_id...]	optional	-	-	-	-	job_id	Use operands in the order and cardinality shown by each applicable synopsis; defined operand forms: job_id.	-:no command-specific operand meaning beyond the displayed synopsis;--:end options where POSIX Utility Syntax Guideline 10 applies	No command-specific standard-input use; the POSIX STDIN clause remains authoritative.	LANG;LC_ALL;LC_CTYPE;LC_MESSAGES;NLSPATH	Produce the files, state changes, terminal/peer actions, or other effects specified by POSIX.	process_or_shell_state	Write diagnostics required by POSIX to standard error.	0 on successful completion; greater than 0 on error, except where POSIX defines command-specific values.	XCU:bg:SYNOPSIS,OPTIONS,OPERANDS,ENVIRONMENT_VARIABLES,STDIN,INPUT_FILES,STDOUT,STDERR,OUTPUT_FILES,EXIT_STATUS,CONSEQUENCES_OF_ERRORS	POSIX08-2016:https://pubs.opengroup.org/onlinepubs/9699919799.2016edition/utilities/bg.html;REPO:SHELL:bg	scripts/posix_manifest_test.py;repository evidence named by evidence_ids	specified
cat	go	cmds/cat	go	cmds/cat	flagset	cat [-u] [file...]	-	base	-u	-	-	-	file	Use operands in the order and cardinality shown by each applicable synopsis; defined operand forms: file.	-:select standard input in a file-operand position;--:end options where POSIX Utility Syntax Guideline 10 applies	Read standard input for a '-' file operand and when no file operand is supplied.	LANG;LC_ALL;LC_CTYPE;LC_MESSAGES;NLSPATH	Write the required result format to standard output.	stdout	Write diagnostics required by POSIX to standard error.	0 on successful completion; greater than 0 on error, except where POSIX defines command-specific values.	XCU:cat:SYNOPSIS,OPTIONS,OPERANDS,ENVIRONMENT_VARIABLES,STDIN,INPUT_FILES,STDOUT,STDERR,OUTPUT_FILES,EXIT_STATUS,CONSEQUENCES_OF_ERRORS	POSIX08-2016:https://pubs.opengroup.org/onlinepubs/9699919799.2016edition/utilities/cat.html;REPO:cmds/cat	scripts/posix_manifest_test.py;repository evidence named by evidence_ids	specified
cd	shell_only	-	shell	shell:cd	shell_builtin	cd [-L|-P] [directory] ; cd -	-	base	-L;-P	-	-	-	directory;-	Use operands in the order and cardinality shown by each applicable synopsis; defined operand forms: directory;-.	-:select the previous working directory;--:end options where POSIX Utility Syntax Guideline 10 applies	No command-specific standard-input use; the POSIX STDIN clause remains authoritative.	CDPATH;HOME;LANG;LC_ALL;LC_CTYPE;LC_MESSAGES;NLSPATH;OLDPWD;PWD	Produce the files, state changes, terminal/peer actions, or other effects specified by POSIX.	process_or_shell_state	Write diagnostics required by POSIX to standard error.	0 on successful completion; greater than 0 on error, except where POSIX defines command-specific values.	XCU:cd:SYNOPSIS,OPTIONS,OPERANDS,ENVIRONMENT_VARIABLES,STDIN,INPUT_FILES,STDOUT,STDERR,OUTPUT_FILES,EXIT_STATUS,CONSEQUENCES_OF_ERRORS	POSIX08-2016:https://pubs.opengroup.org/onlinepubs/9699919799.2016edition/utilities/cd.html;REPO:SHELL:cd	scripts/posix_manifest_test.py;repository evidence named by evidence_ids	specified
chgrp	go	cmds/chgrp	go	cmds/chgrp	flagset	chgrp [-h] group file... ; chgrp -R [-H|-L|-P] group file...	-	base	-h;-H;-L;-P;-R	-	-	-	group;file	Use operands in the order and cardinality shown by each applicable synopsis; defined operand forms: group;file.	-:no command-specific operand meaning beyond the displayed synopsis;--:end options where POSIX Utility Syntax Guideline 10 applies	No command-specific standard-input use; the POSIX STDIN clause remains authoritative.	LANG;LC_ALL;LC_CTYPE;LC_MESSAGES;NLSPATH	Produce the files, state changes, terminal/peer actions, or other effects specified by POSIX.	filesystem	Write diagnostics required by POSIX to standard error.	0 on successful completion; greater than 0 on error, except where POSIX defines command-specific values.	XCU:chgrp:SYNOPSIS,OPTIONS,OPERANDS,ENVIRONMENT_VARIABLES,STDIN,INPUT_FILES,STDOUT,STDERR,OUTPUT_FILES,EXIT_STATUS,CONSEQUENCES_OF_ERRORS	POSIX08-2016:https://pubs.opengroup.org/onlinepubs/9699919799.2016edition/utilities/chgrp.html;REPO:cmds/chgrp	scripts/posix_manifest_test.py;repository evidence named by evidence_ids	specified
chmod	go	cmds/chmod	go	cmds/chmod	flagset	chmod [-R] mode file...	-	base	-R	-	-	-	mode;file	Use operands in the order and cardinality shown by each applicable synopsis; defined operand forms: mode;file.	-:no command-specific operand meaning beyond the displayed synopsis;--:end options where POSIX Utility Syntax Guideline 10 applies	No command-specific standard-input use; the POSIX STDIN clause remains authoritative.	LANG;LC_ALL;LC_CTYPE;LC_MESSAGES;NLSPATH	Produce the files, state changes, terminal/peer actions, or other effects specified by POSIX.	filesystem	Write diagnostics required by POSIX to standard error.	0 on successful completion; greater than 0 on error, except where POSIX defines command-specific values.	XCU:chmod:SYNOPSIS,OPTIONS,OPERANDS,ENVIRONMENT_VARIABLES,STDIN,INPUT_FILES,STDOUT,STDERR,OUTPUT_FILES,EXIT_STATUS,CONSEQUENCES_OF_ERRORS	POSIX08-2016:https://pubs.opengroup.org/onlinepubs/9699919799.2016edition/utilities/chmod.html;REPO:cmds/chmod	scripts/posix_manifest_test.py;repository evidence named by evidence_ids	specified
chown	go	cmds/chown	go	cmds/chown	flagset	chown [-h] owner[:group] file... ; chown -R [-H|-L|-P] owner[:group] file...	-	base	-h;-H;-L;-P;-R	-	-	-	owner[:group];file	Use operands in the order and cardinality shown by each applicable synopsis; defined operand forms: owner[:group];file.	-:no command-specific operand meaning beyond the displayed synopsis;--:end options where POSIX Utility Syntax Guideline 10 applies	No command-specific standard-input use; the POSIX STDIN clause remains authoritative.	LANG;LC_ALL;LC_CTYPE;LC_MESSAGES;NLSPATH	Produce the files, state changes, terminal/peer actions, or other effects specified by POSIX.	filesystem	Write diagnostics required by POSIX to standard error.	0 on successful completion; greater than 0 on error, except where POSIX defines command-specific values.	XCU:chown:SYNOPSIS,OPTIONS,OPERANDS,ENVIRONMENT_VARIABLES,STDIN,INPUT_FILES,STDOUT,STDERR,OUTPUT_FILES,EXIT_STATUS,CONSEQUENCES_OF_ERRORS	POSIX08-2016:https://pubs.opengroup.org/onlinepubs/9699919799.2016edition/utilities/chown.html;REPO:cmds/chown	scripts/posix_manifest_test.py;repository evidence named by evidence_ids	specified
cksum	go	cmds/cksum	go	cmds/cksum	flagset	cksum [file...]	-	base	-	-	-	-	file	Use operands in the order and cardinality shown by each applicable synopsis; defined operand forms: file.	-:select standard input in a file-operand position;--:end options where POSIX Utility Syntax Guideline 10 applies	Read standard input for a '-' file operand and when no file operand is supplied.	LANG;LC_ALL;LC_CTYPE;LC_MESSAGES;NLSPATH	Write the required result format to standard output.	stdout	Write diagnostics required by POSIX to standard error.	0 on successful completion; greater than 0 on error, except where POSIX defines command-specific values.	XCU:cksum:SYNOPSIS,OPTIONS,OPERANDS,ENVIRONMENT_VARIABLES,STDIN,INPUT_FILES,STDOUT,STDERR,OUTPUT_FILES,EXIT_STATUS,CONSEQUENCES_OF_ERRORS	POSIX08-2016:https://pubs.opengroup.org/onlinepubs/9699919799.2016edition/utilities/cksum.html;REPO:cmds/cksum	scripts/posix_manifest_test.py;repository evidence named by evidence_ids	specified
cmp	go	cmds/cmp	go	cmds/cmp	flagset	cmp [-l|-s] file1 file2	-	base	-l;-s	-	-	-	file1;file2	Use operands in the order and cardinality shown by each applicable synopsis; defined operand forms: file1;file2.	-:select standard input in a file-operand position;--:end options where POSIX Utility Syntax Guideline 10 applies	Read standard input for a '-' file operand as permitted by the synopsis.	LANG;LC_ALL;LC_CTYPE;LC_MESSAGES;NLSPATH	Write the required result format to standard output.	stdout	Write diagnostics required by POSIX to standard error.	0 files identical; 1 files differ; greater than 1 on error.	XCU:cmp:SYNOPSIS,OPTIONS,OPERANDS,ENVIRONMENT_VARIABLES,STDIN,INPUT_FILES,STDOUT,STDERR,OUTPUT_FILES,EXIT_STATUS,CONSEQUENCES_OF_ERRORS	POSIX08-2016:https://pubs.opengroup.org/onlinepubs/9699919799.2016edition/utilities/cmp.html;REPO:cmds/cmp	scripts/posix_manifest_test.py;repository evidence named by evidence_ids	specified
comm	go	cmds/comm	go	cmds/comm	flagset	comm [-123] file1 file2	-	base	-1;-2;-3	-	-	-	file1;file2	Use operands in the order and cardinality shown by each applicable synopsis; defined operand forms: file1;file2.	-:select standard input in a file-operand position;--:end options where POSIX Utility Syntax Guideline 10 applies	Read standard input for a '-' file operand as permitted by the synopsis.	LANG;LC_ALL;LC_COLLATE;LC_CTYPE;LC_MESSAGES;NLSPATH	Write the required result format to standard output.	stdout	Write diagnostics required by POSIX to standard error.	0 on successful completion; greater than 0 on error, except where POSIX defines command-specific values.	XCU:comm:SYNOPSIS,OPTIONS,OPERANDS,ENVIRONMENT_VARIABLES,STDIN,INPUT_FILES,STDOUT,STDERR,OUTPUT_FILES,EXIT_STATUS,CONSEQUENCES_OF_ERRORS	POSIX08-2016:https://pubs.opengroup.org/onlinepubs/9699919799.2016edition/utilities/comm.html;REPO:cmds/comm	scripts/posix_manifest_test.py;repository evidence named by evidence_ids	specified
command	shell_only	-	shell	shell:command	shell_builtin	command [-p] command_name [argument...] ; command [-p][-v|-V] command_name	-	base	-p;-v;-V	-	-	-	argument;command_name	Use operands in the order and cardinality shown by each applicable synopsis; defined operand forms: argument;command_name.	-:no command-specific operand meaning beyond the displayed synopsis;--:end options where POSIX Utility Syntax Guideline 10 applies	No command-specific standard-input use; the POSIX STDIN clause remains authoritative.	LANG;LC_ALL;LC_CTYPE;LC_MESSAGES;NLSPATH;PATH	Produce the files, state changes, terminal/peer actions, or other effects specified by POSIX.	process_or_shell_state	Write diagnostics required by POSIX to standard error.	0 on successful completion; greater than 0 on error, except where POSIX defines command-specific values.	XCU:command:SYNOPSIS,OPTIONS,OPERANDS,ENVIRONMENT_VARIABLES,STDIN,INPUT_FILES,STDOUT,STDERR,OUTPUT_FILES,EXIT_STATUS,CONSEQUENCES_OF_ERRORS	POSIX08-2016:https://pubs.opengroup.org/onlinepubs/9699919799.2016edition/utilities/command.html;REPO:SHELL:command	scripts/posix_manifest_test.py;repository evidence named by evidence_ids	specified
cp	go	cmds/cp	go	cmds/cp	flagset	cp [-Pfip] source_file target_file ; cp [-Pfip] source_file... target ; cp -R [-H|-L|-P] [-fip] source_file... target	-	base	-f;-H;-i;-L;-P;-p;-R	-	-	-	source_file;target_file;target	Use operands in the order and cardinality shown by each applicable synopsis; defined operand forms: source_file;target_file;target.	-:no command-specific operand meaning beyond the displayed synopsis;--:end options where POSIX Utility Syntax Guideline 10 applies	No command-specific standard-input use; the POSIX STDIN clause remains authoritative.	LANG;LC_ALL;LC_COLLATE;LC_CTYPE;LC_MESSAGES;NLSPATH	Produce the files, state changes, terminal/peer actions, or other effects specified by POSIX.	filesystem	Write diagnostics required by POSIX to standard error.	0 on successful completion; greater than 0 on error, except where POSIX defines command-specific values.	XCU:cp:SYNOPSIS,OPTIONS,OPERANDS,ENVIRONMENT_VARIABLES,STDIN,INPUT_FILES,STDOUT,STDERR,OUTPUT_FILES,EXIT_STATUS,CONSEQUENCES_OF_ERRORS	POSIX08-2016:https://pubs.opengroup.org/onlinepubs/9699919799.2016edition/utilities/cp.html;REPO:cmds/cp	scripts/posix_manifest_test.py;repository evidence named by evidence_ids	specified
crontab	go	cmds/crontab	go	cmds/crontab	flagset	crontab [file]	optional::crontab [-e|-l|-r]	base;optional	-	optional:-e,-l,-r	-	-	file	Use operands in the order and cardinality shown by each applicable synopsis; defined operand forms: file.	-:no command-specific operand meaning beyond the displayed synopsis;--:end options where POSIX Utility Syntax Guideline 10 applies	No command-specific standard-input use; the POSIX STDIN clause remains authoritative.	EDITOR;LANG;LC_ALL;LC_CTYPE;LC_MESSAGES;NLSPATH	Produce the files, state changes, terminal/peer actions, or other effects specified by POSIX.	process_or_shell_state	Write diagnostics required by POSIX to standard error.	0 on successful completion; greater than 0 on error, except where POSIX defines command-specific values.	XCU:crontab:SYNOPSIS,OPTIONS,OPERANDS,ENVIRONMENT_VARIABLES,STDIN,INPUT_FILES,STDOUT,STDERR,OUTPUT_FILES,EXIT_STATUS,CONSEQUENCES_OF_ERRORS	POSIX08-2016:https://pubs.opengroup.org/onlinepubs/9699919799.2016edition/utilities/crontab.html;REPO:cmds/crontab	scripts/posix_manifest_test.py;repository evidence named by evidence_ids	specified
csplit	go	cmds/csplit	go	cmds/csplit	flagset	csplit [-ks] [-f prefix] [-n number] file arg...	-	base	-f;-k;-n;-s	-	-	-f=<prefix>;-n=<number>	file;/rexp/[offset];%rexp%[offset];line_no;{num}	Use operands in the order and cardinality shown by each applicable synopsis; defined operand forms: file;/rexp/[offset];%rexp%[offset];line_no;{num}.	-:select standard input in a file-operand position;--:end options where POSIX Utility Syntax Guideline 10 applies	Read standard input for a '-' file operand as permitted by the synopsis.	LANG;LC_ALL;LC_COLLATE;LC_CTYPE;LC_MESSAGES;NLSPATH	Produce the files, state changes, terminal/peer actions, or other effects specified by POSIX.	filesystem	Write diagnostics required by POSIX to standard error.	0 on successful completion; greater than 0 on error, except where POSIX defines command-specific values.	XCU:csplit:SYNOPSIS,OPTIONS,OPERANDS,ENVIRONMENT_VARIABLES,STDIN,INPUT_FILES,STDOUT,STDERR,OUTPUT_FILES,EXIT_STATUS,CONSEQUENCES_OF_ERRORS	POSIX08-2016:https://pubs.opengroup.org/onlinepubs/9699919799.2016edition/utilities/csplit.html;REPO:cmds/csplit	scripts/posix_manifest_test.py;repository evidence named by evidence_ids	specified
ctags	external_provider	cmds/posixproviders	external_provider	pkg/posixprovider/manifest.tsv#ctags	external	ctags -x pathname...	development::ctags [-a] [-f tagsfile] pathname...	base;development	-x	development:-a,-f	-	-f=<tagsfile>	file.c;file.h;file.f	Use operands in the order and cardinality shown by each applicable synopsis; defined operand forms: file.c;file.h;file.f.	-:no command-specific operand meaning beyond the displayed synopsis;--:end options where POSIX Utility Syntax Guideline 10 applies	No command-specific standard-input use; the POSIX STDIN clause remains authoritative.	LANG;LC_ALL;LC_COLLATE;LC_CTYPE;LC_MESSAGES;NLSPATH	Write the specified result to standard output; diagnostics use standard error.	stdout_or_diagnostic	Write diagnostics required by POSIX to standard error.	0 on successful completion; greater than 0 on error, except where POSIX defines command-specific values.	XCU:ctags:SYNOPSIS,OPTIONS,OPERANDS,ENVIRONMENT_VARIABLES,STDIN,INPUT_FILES,STDOUT,STDERR,OUTPUT_FILES,EXIT_STATUS,CONSEQUENCES_OF_ERRORS	POSIX08-2016:https://pubs.opengroup.org/onlinepubs/9699919799.2016edition/utilities/ctags.html;REPO:pkg/posixprovider/manifest.tsv#ctags	scripts/posix_manifest_test.py;repository evidence named by evidence_ids	specified
cut	go	cmds/cut	go	cmds/cut	flagset	cut -b list [-n] [file...] ; cut -c list [file...] ; cut -f list [-d delim] [-s] [file...]	-	base	-b;-c;-d;-f;-n;-s	-	-	-b=<list>;-c=<list>;-d=<delim>;-f=<list>	file	Use operands in the order and cardinality shown by each applicable synopsis; defined operand forms: file.	-:select standard input in a file-operand position;--:end options where POSIX Utility Syntax Guideline 10 applies	Read standard input for a '-' file operand as permitted by the synopsis.	LANG;LC_ALL;LC_CTYPE;LC_MESSAGES;NLSPATH	Write the required result format to standard output.	stdout	Write diagnostics required by POSIX to standard error.	0 on successful completion; greater than 0 on error, except where POSIX defines command-specific values.	XCU:cut:SYNOPSIS,OPTIONS,OPERANDS,ENVIRONMENT_VARIABLES,STDIN,INPUT_FILES,STDOUT,STDERR,OUTPUT_FILES,EXIT_STATUS,CONSEQUENCES_OF_ERRORS	POSIX08-2016:https://pubs.opengroup.org/onlinepubs/9699919799.2016edition/utilities/cut.html;REPO:cmds/cut	scripts/posix_manifest_test.py;repository evidence named by evidence_ids	specified
date	go	cmds/date	go	cmds/date	flagset	date [-u] [+format]	xsi::date [-u] mmddhhmm[[cc]yy]	base;xsi	-u	-	-	-	+format;mmddhhmm[[cc]yy]	Use operands in the order and cardinality shown by each applicable synopsis; defined operand forms: +format;mmddhhmm[[cc]yy].	-:no command-specific operand meaning beyond the displayed synopsis;--:end options where POSIX Utility Syntax Guideline 10 applies	No command-specific standard-input use; the POSIX STDIN clause remains authoritative.	LANG;LC_ALL;LC_CTYPE;LC_MESSAGES;LC_TIME;NLSPATH;TZ	Write the specified result to standard output; diagnostics use standard error.	stdout_or_diagnostic	Write diagnostics required by POSIX to standard error.	0 on successful completion; greater than 0 on error, except where POSIX defines command-specific values.	XCU:date:SYNOPSIS,OPTIONS,OPERANDS,ENVIRONMENT_VARIABLES,STDIN,INPUT_FILES,STDOUT,STDERR,OUTPUT_FILES,EXIT_STATUS,CONSEQUENCES_OF_ERRORS	POSIX08-2016:https://pubs.opengroup.org/onlinepubs/9699919799.2016edition/utilities/date.html;REPO:cmds/date	scripts/posix_manifest_test.py;repository evidence named by evidence_ids	specified
dd	go	cmds/dd	go	cmds/dd	custom	dd [operand...]	-	base	-	-	-	-	if=file;of=file;ibs=expr;obs=expr;bs=expr;cbs=expr;skip=n;seek=n;count=n;conv=value[,value ...];ascii;ebcdic;ibm;block;unblock;lcase;ucase;swab;noerror;notrunc;sync	Use operands in the order and cardinality shown by each applicable synopsis; defined operand forms: if=file;of=file;ibs=expr;obs=expr;bs=expr;cbs=expr;skip=n;seek=n;count=n;conv=value[,value ...];ascii;ebcdic;ibm;block;unblock;lcase;ucase;swab;noerror;notrunc;sync.	-:no command-specific operand meaning beyond the displayed synopsis;--:end options where POSIX Utility Syntax Guideline 10 applies	Read standard input when the applicable synopsis supplies no input-file operand.	LANG;LC_ALL;LC_CTYPE;LC_MESSAGES;NLSPATH	Produce the files, state changes, terminal/peer actions, or other effects specified by POSIX.	filesystem	Write diagnostics required by POSIX to standard error.	0 on successful completion; greater than 0 on error, except where POSIX defines command-specific values.	XCU:dd:SYNOPSIS,OPTIONS,OPERANDS,ENVIRONMENT_VARIABLES,STDIN,INPUT_FILES,STDOUT,STDERR,OUTPUT_FILES,EXIT_STATUS,CONSEQUENCES_OF_ERRORS	POSIX08-2016:https://pubs.opengroup.org/onlinepubs/9699919799.2016edition/utilities/dd.html;REPO:cmds/dd	scripts/posix_manifest_test.py;repository evidence named by evidence_ids	specified
df	go	cmds/df	go	cmds/df	flagset	-	xsi::df [-k] [-P|-t] [file...]	xsi	-	xsi:-k,-P,-t	-	-	file	Use operands in the order and cardinality shown by each applicable synopsis; defined operand forms: file.	-:no command-specific operand meaning beyond the displayed synopsis;--:end options where POSIX Utility Syntax Guideline 10 applies	No command-specific standard-input use; the POSIX STDIN clause remains authoritative.	LANG;LC_ALL;LC_CTYPE;LC_MESSAGES;NLSPATH	Write the specified result to standard output; diagnostics use standard error.	stdout_or_diagnostic	Write diagnostics required by POSIX to standard error.	0 on successful completion; greater than 0 on error, except where POSIX defines command-specific values.	XCU:df:SYNOPSIS,OPTIONS,OPERANDS,ENVIRONMENT_VARIABLES,STDIN,INPUT_FILES,STDOUT,STDERR,OUTPUT_FILES,EXIT_STATUS,CONSEQUENCES_OF_ERRORS	POSIX08-2016:https://pubs.opengroup.org/onlinepubs/9699919799.2016edition/utilities/df.html;REPO:cmds/df	scripts/posix_manifest_test.py;repository evidence named by evidence_ids	specified
diff	go	cmds/diff	go	cmds/diff	flagset	diff [-c|-e|-f|-u|-C n|-U n] [-br] file1 file2	-	base	-b;-c;-C;-e;-f;-r;-u;-U	-	-	-C=<n>;-U=<n>	file1, file2	Use operands in the order and cardinality shown by each applicable synopsis; defined operand forms: file1, file2.	-:select standard input in a file-operand position;--:end options where POSIX Utility Syntax Guideline 10 applies	Read standard input for a '-' file operand as permitted by the synopsis.	LANG;LC_ALL;LC_CTYPE;LC_MESSAGES;LC_TIME;NLSPATH;TZ	Write the required result format to standard output.	stdout	Write diagnostics required by POSIX to standard error.	0 no differences; 1 differences found; greater than 1 on error.	XCU:diff:SYNOPSIS,OPTIONS,OPERANDS,ENVIRONMENT_VARIABLES,STDIN,INPUT_FILES,STDOUT,STDERR,OUTPUT_FILES,EXIT_STATUS,CONSEQUENCES_OF_ERRORS	POSIX08-2016:https://pubs.opengroup.org/onlinepubs/9699919799.2016edition/utilities/diff.html;REPO:cmds/diff	scripts/posix_manifest_test.py;repository evidence named by evidence_ids	specified
dirname	go	cmds/dirname	go	cmds/dirname	flagset	dirname string	-	base	-	-	-	-	string	Use operands in the order and cardinality shown by each applicable synopsis; defined operand forms: string.	-:no command-specific operand meaning beyond the displayed synopsis;--:end options where POSIX Utility Syntax Guideline 10 applies	No command-specific standard-input use; the POSIX STDIN clause remains authoritative.	LANG;LC_ALL;LC_CTYPE;LC_MESSAGES;NLSPATH	Write the specified result to standard output; diagnostics use standard error.	stdout_or_diagnostic	Write diagnostics required by POSIX to standard error.	0 on successful completion; greater than 0 on error, except where POSIX defines command-specific values.	XCU:dirname:SYNOPSIS,OPTIONS,OPERANDS,ENVIRONMENT_VARIABLES,STDIN,INPUT_FILES,STDOUT,STDERR,OUTPUT_FILES,EXIT_STATUS,CONSEQUENCES_OF_ERRORS	POSIX08-2016:https://pubs.opengroup.org/onlinepubs/9699919799.2016edition/utilities/dirname.html;REPO:cmds/dirname	scripts/posix_manifest_test.py;repository evidence named by evidence_ids	specified
du	go	cmds/du	go	cmds/du	flagset	du [-a|-s] [-kx] [-H|-L] [file...]	-	base	-a;-H;-k;-L;-s;-x	-	-	-	file	Use operands in the order and cardinality shown by each applicable synopsis; defined operand forms: file.	-:no command-specific operand meaning beyond the displayed synopsis;--:end options where POSIX Utility Syntax Guideline 10 applies	No command-specific standard-input use; the POSIX STDIN clause remains authoritative.	LANG;LC_ALL;LC_CTYPE;LC_MESSAGES;NLSPATH	Write the specified result to standard output; diagnostics use standard error.	stdout_or_diagnostic	Write diagnostics required by POSIX to standard error.	0 on successful completion; greater than 0 on error, except where POSIX defines command-specific values.	XCU:du:SYNOPSIS,OPTIONS,OPERANDS,ENVIRONMENT_VARIABLES,STDIN,INPUT_FILES,STDOUT,STDERR,OUTPUT_FILES,EXIT_STATUS,CONSEQUENCES_OF_ERRORS	POSIX08-2016:https://pubs.opengroup.org/onlinepubs/9699919799.2016edition/utilities/du.html;REPO:cmds/du	scripts/posix_manifest_test.py;repository evidence named by evidence_ids	specified
echo	go	cmds/echo	shell	shell:echo	shell_builtin	echo [string...]	-	base	-	-	-	-	string;\a;\b;\c;\f;\n;\r;\t;\v;\\;\0num	Use operands in the order and cardinality shown by each applicable synopsis; defined operand forms: string;\a;\b;\c;\f;\n;\r;\t;\v;\\;\0num.	-:no command-specific operand meaning beyond the displayed synopsis;--:end options where POSIX Utility Syntax Guideline 10 applies	No command-specific standard-input use; the POSIX STDIN clause remains authoritative.	LANG;LC_ALL;LC_CTYPE;LC_MESSAGES;NLSPATH	Write the required result format to standard output.	stdout	Write diagnostics required by POSIX to standard error.	0 on successful completion; greater than 0 on error, except where POSIX defines command-specific values.	XCU:echo:SYNOPSIS,OPTIONS,OPERANDS,ENVIRONMENT_VARIABLES,STDIN,INPUT_FILES,STDOUT,STDERR,OUTPUT_FILES,EXIT_STATUS,CONSEQUENCES_OF_ERRORS	POSIX08-2016:https://pubs.opengroup.org/onlinepubs/9699919799.2016edition/utilities/echo.html;REPO:SHELL:echo	scripts/posix_manifest_test.py;repository evidence named by evidence_ids	specified
ed	external_provider	cmds/posixproviders	external_provider	pkg/posixprovider/manifest.tsv#ed	external	ed [-p string] [-s] [file]	-	base	-p;-s	-	-	-p=<string>	file	Use operands in the order and cardinality shown by each applicable synopsis; defined operand forms: file.	-:no command-specific operand meaning beyond the displayed synopsis;--:end options where POSIX Utility Syntax Guideline 10 applies	Read standard input when the applicable synopsis supplies no input-file operand.	HOME;LANG;LC_ALL;LC_COLLATE;LC_CTYPE;LC_MESSAGES;NLSPATH	Produce the files, state changes, terminal/peer actions, or other effects specified by POSIX.	filesystem	Write diagnostics required by POSIX to standard error.	0 on successful completion; greater than 0 on error, except where POSIX defines command-specific values.	XCU:ed:SYNOPSIS,OPTIONS,OPERANDS,ENVIRONMENT_VARIABLES,STDIN,INPUT_FILES,STDOUT,STDERR,OUTPUT_FILES,EXIT_STATUS,CONSEQUENCES_OF_ERRORS	POSIX08-2016:https://pubs.opengroup.org/onlinepubs/9699919799.2016edition/utilities/ed.html;REPO:pkg/posixprovider/manifest.tsv#ed	scripts/posix_manifest_test.py;repository evidence named by evidence_ids	specified
env	go	cmds/env	go	cmds/env	flagset	env [-i] [name=value]... [utility [argument...]]	-	base	-i	-	-	-	name=value;utility;argument	Use operands in the order and cardinality shown by each applicable synopsis; defined operand forms: name=value;utility;argument.	-:no command-specific operand meaning beyond the displayed synopsis;--:end options where POSIX Utility Syntax Guideline 10 applies	No command-specific standard-input use; the POSIX STDIN clause remains authoritative.	LANG;LC_ALL;LC_CTYPE;LC_MESSAGES;NLSPATH;PATH	Write the required result format to standard output.	process_or_shell_state;stdout	Write diagnostics required by POSIX to standard error.	0 on successful completion; greater than 0 on error, except where POSIX defines command-specific values.	XCU:env:SYNOPSIS,OPTIONS,OPERANDS,ENVIRONMENT_VARIABLES,STDIN,INPUT_FILES,STDOUT,STDERR,OUTPUT_FILES,EXIT_STATUS,CONSEQUENCES_OF_ERRORS	POSIX08-2016:https://pubs.opengroup.org/onlinepubs/9699919799.2016edition/utilities/env.html;REPO:cmds/env	scripts/posix_manifest_test.py;repository evidence named by evidence_ids	specified
ex	external_provider	cmds/posixproviders	external_provider	pkg/posixprovider/manifest.tsv#ex	external	-	optional::ex [-rR] [-s|-v] [-c command] [-t tagstring] [-w size] [file...]	optional	-	optional:-c,-r,-R,-s,-t,-v,-w	-	-c=<command>;-t=<tagstring>;-w=<size>	file	Use operands in the order and cardinality shown by each applicable synopsis; defined operand forms: file.	-:no command-specific operand meaning beyond the displayed synopsis;--:end options where POSIX Utility Syntax Guideline 10 applies	No command-specific standard-input use; the POSIX STDIN clause remains authoritative.	COLUMNS;EXINIT;HOME;LANG;LC_ALL;LC_COLLATE;LC_CTYPE;LC_MESSAGES;LINES;NLSPATH;PATH;SHELL;TERM	Produce the files, state changes, terminal/peer actions, or other effects specified by POSIX.	filesystem	Write diagnostics required by POSIX to standard error.	0 on successful completion; greater than 0 on error, except where POSIX defines command-specific values.	XCU:ex:SYNOPSIS,OPTIONS,OPERANDS,ENVIRONMENT_VARIABLES,STDIN,INPUT_FILES,STDOUT,STDERR,OUTPUT_FILES,EXIT_STATUS,CONSEQUENCES_OF_ERRORS	POSIX08-2016:https://pubs.opengroup.org/onlinepubs/9699919799.2016edition/utilities/ex.html;REPO:pkg/posixprovider/manifest.tsv#ex	scripts/posix_manifest_test.py;repository evidence named by evidence_ids	specified
expand	go	cmds/expand	go	cmds/expand	flagset	expand [-t tablist] [file...]	-	base	-t	-	-	-t=<tablist>	file	Use operands in the order and cardinality shown by each applicable synopsis; defined operand forms: file.	-:select standard input in a file-operand position;--:end options where POSIX Utility Syntax Guideline 10 applies	Read standard input for a '-' file operand and when no file operand is supplied.	LANG;LC_ALL;LC_CTYPE;LC_MESSAGES;NLSPATH	Write the specified result to standard output; diagnostics use standard error.	stdout_or_diagnostic	Write diagnostics required by POSIX to standard error.	0 on successful completion; greater than 0 on error, except where POSIX defines command-specific values.	XCU:expand:SYNOPSIS,OPTIONS,OPERANDS,ENVIRONMENT_VARIABLES,STDIN,INPUT_FILES,STDOUT,STDERR,OUTPUT_FILES,EXIT_STATUS,CONSEQUENCES_OF_ERRORS	POSIX08-2016:https://pubs.opengroup.org/onlinepubs/9699919799.2016edition/utilities/expand.html;REPO:cmds/expand	scripts/posix_manifest_test.py;repository evidence named by evidence_ids	specified
expr	go	cmds/expr	go	cmds/expr	custom	expr operand...	-	base	-	-	-	-	operand	Use operands in the order and cardinality shown by each applicable synopsis; defined operand forms: operand.	-:no command-specific operand meaning beyond the displayed synopsis;--:end options where POSIX Utility Syntax Guideline 10 applies	No command-specific standard-input use; the POSIX STDIN clause remains authoritative.	LANG;LC_ALL;LC_COLLATE;LC_CTYPE;LC_MESSAGES;NLSPATH	Write the required result format to standard output.	stdout	Write diagnostics required by POSIX to standard error.	0 non-null/non-zero result; 1 null/zero result; greater than 1 on error.	XCU:expr:SYNOPSIS,OPTIONS,OPERANDS,ENVIRONMENT_VARIABLES,STDIN,INPUT_FILES,STDOUT,STDERR,OUTPUT_FILES,EXIT_STATUS,CONSEQUENCES_OF_ERRORS	POSIX08-2016:https://pubs.opengroup.org/onlinepubs/9699919799.2016edition/utilities/expr.html;REPO:cmds/expr	scripts/posix_manifest_test.py;repository evidence named by evidence_ids	specified
false	go	cmds/false	shell	shell:false	shell_builtin	false	-	base	-	-	-	-	-	No operands are specified; use exactly the option-only or operand-free synopsis.	-:no command-specific operand meaning beyond the displayed synopsis;--:end options where POSIX Utility Syntax Guideline 10 applies	No command-specific standard-input use; the POSIX STDIN clause remains authoritative.	-	Write the specified result to standard output; diagnostics use standard error.	stdout_or_diagnostic	Write diagnostics required by POSIX to standard error.	Always greater than zero.	XCU:false:SYNOPSIS,OPTIONS,OPERANDS,ENVIRONMENT_VARIABLES,STDIN,INPUT_FILES,STDOUT,STDERR,OUTPUT_FILES,EXIT_STATUS,CONSEQUENCES_OF_ERRORS	POSIX08-2016:https://pubs.opengroup.org/onlinepubs/9699919799.2016edition/utilities/false.html;REPO:SHELL:false	scripts/posix_manifest_test.py;repository evidence named by evidence_ids	specified
fc	shell_only	-	shell	shell:fc	shell_builtin	fc -l [-nr] [first [last]] ; fc -s [old=new] [first]	optional::fc [-r] [-e editor] [first [last]]	base;optional	-l;-n;-r;-s	optional:-e	-	-e=<editor>	first, last;[+]number;-number;string;old=new	Use operands in the order and cardinality shown by each applicable synopsis; defined operand forms: first, last;[+]number;-number;string;old=new.	-:no command-specific operand meaning beyond the displayed synopsis;--:end options where POSIX Utility Syntax Guideline 10 applies	No command-specific standard-input use; the POSIX STDIN clause remains authoritative.	FCEDIT;HISTFILE;HISTSIZE;LANG;LC_ALL;LC_CTYPE;LC_MESSAGES;NLSPATH	Produce the files, state changes, terminal/peer actions, or other effects specified by POSIX.	process_or_shell_state	Write diagnostics required by POSIX to standard error.	0 on successful completion; greater than 0 on error, except where POSIX defines command-specific values.	XCU:fc:SYNOPSIS,OPTIONS,OPERANDS,ENVIRONMENT_VARIABLES,STDIN,INPUT_FILES,STDOUT,STDERR,OUTPUT_FILES,EXIT_STATUS,CONSEQUENCES_OF_ERRORS	POSIX08-2016:https://pubs.opengroup.org/onlinepubs/9699919799.2016edition/utilities/fc.html;REPO:SHELL:fc	scripts/posix_manifest_test.py;repository evidence named by evidence_ids	specified
fg	shell_only	-	shell	shell:fg	shell_builtin	-	optional::fg [job_id]	optional	-	-	-	-	job_id	Use operands in the order and cardinality shown by each applicable synopsis; defined operand forms: job_id.	-:no command-specific operand meaning beyond the displayed synopsis;--:end options where POSIX Utility Syntax Guideline 10 applies	No command-specific standard-input use; the POSIX STDIN clause remains authoritative.	LANG;LC_ALL;LC_CTYPE;LC_MESSAGES;NLSPATH	Produce the files, state changes, terminal/peer actions, or other effects specified by POSIX.	process_or_shell_state	Write diagnostics required by POSIX to standard error.	0 on successful completion; greater than 0 on error, except where POSIX defines command-specific values.	XCU:fg:SYNOPSIS,OPTIONS,OPERANDS,ENVIRONMENT_VARIABLES,STDIN,INPUT_FILES,STDOUT,STDERR,OUTPUT_FILES,EXIT_STATUS,CONSEQUENCES_OF_ERRORS	POSIX08-2016:https://pubs.opengroup.org/onlinepubs/9699919799.2016edition/utilities/fg.html;REPO:SHELL:fg	scripts/posix_manifest_test.py;repository evidence named by evidence_ids	specified
file	go	cmds/file	go	cmds/file	flagset	file [-dh] [-M file] [-m file] file... ; file -i [-h] file...	-	base	-d;-h;-i;-M;-m	-	-	-M=<file>;-m=<file>	file	Use operands in the order and cardinality shown by each applicable synopsis; defined operand forms: file.	-:select standard input in a file-operand position;--:end options where POSIX Utility Syntax Guideline 10 applies	Read standard input for a '-' file operand as permitted by the synopsis.	LANG;LC_ALL;LC_CTYPE;LC_MESSAGES;NLSPATH	Write the required result format to standard output.	stdout	Write diagnostics required by POSIX to standard error.	0 on successful completion; greater than 0 on error, except where POSIX defines command-specific values.	XCU:file:SYNOPSIS,OPTIONS,OPERANDS,ENVIRONMENT_VARIABLES,STDIN,INPUT_FILES,STDOUT,STDERR,OUTPUT_FILES,EXIT_STATUS,CONSEQUENCES_OF_ERRORS	POSIX08-2016:https://pubs.opengroup.org/onlinepubs/9699919799.2016edition/utilities/file.html;REPO:cmds/file	scripts/posix_manifest_test.py;repository evidence named by evidence_ids	specified
find	go	cmds/find	go	cmds/find	custom	find [-H|-L] path... [operand_expression...]	-	base	-H;-L	-	-	-	+n;n;-n;-name pattern;-path pattern;-nouser;-nogroup;-xdev;-prune;-perm [-]mode;-perm [-]onum;-type c;-links n;-user uname;-group gname;-size n[c];-atime n;-ctime n;-mtime n;-exec utility_name [argument ...] ;;-exec utility_name [argument ...] {} +;-ok utility_name [argument ...] ;;-print;-newer file;-depth;( expression );! expression;expression [-a] expression;expression -o expression	Use operands in the order and cardinality shown by each applicable synopsis; defined operand forms: +n;n;-n;-name pattern;-path pattern;-nouser;-nogroup;-xdev;-prune;-perm [-]mode;-perm [-]onum;-type c;-links n;-user uname;-group gname;-size n[c];-atime n;-ctime n;-mtime n;-exec utility_name [argument ...] ;;-exec utility_name [argument ...] {} +;-ok utility_name [argument ...] ;;-print;-newer file;-depth;( expression );! expression;expression [-a] expression;expression -o expression.	-:no command-specific operand meaning beyond the displayed synopsis;--:end options where POSIX Utility Syntax Guideline 10 applies	No command-specific standard-input use; the POSIX STDIN clause remains authoritative.	LANG;LC_ALL;LC_COLLATE;LC_CTYPE;LC_MESSAGES;NLSPATH;PATH	Produce the files, state changes, terminal/peer actions, or other effects specified by POSIX.	filesystem	Write diagnostics required by POSIX to standard error.	0 on successful completion; greater than 0 on error, except where POSIX defines command-specific values.	XCU:find:SYNOPSIS,OPTIONS,OPERANDS,ENVIRONMENT_VARIABLES,STDIN,INPUT_FILES,STDOUT,STDERR,OUTPUT_FILES,EXIT_STATUS,CONSEQUENCES_OF_ERRORS	POSIX08-2016:https://pubs.opengroup.org/onlinepubs/9699919799.2016edition/utilities/find.html;REPO:cmds/find	scripts/posix_manifest_test.py;repository evidence named by evidence_ids	specified
fold	go	cmds/fold	go	cmds/fold	flagset	fold [-bs] [-w width] [file...]	-	base	-b;-s;-w	-	-	-w=<width>	file	Use operands in the order and cardinality shown by each applicable synopsis; defined operand forms: file.	-:select standard input in a file-operand position;--:end options where POSIX Utility Syntax Guideline 10 applies	Read standard input for a '-' file operand and when no file operand is supplied.	LANG;LC_ALL;LC_CTYPE;LC_MESSAGES;NLSPATH	Write the required result format to standard output.	stdout	Write diagnostics required by POSIX to standard error.	0 on successful completion; greater than 0 on error, except where POSIX defines command-specific values.	XCU:fold:SYNOPSIS,OPTIONS,OPERANDS,ENVIRONMENT_VARIABLES,STDIN,INPUT_FILES,STDOUT,STDERR,OUTPUT_FILES,EXIT_STATUS,CONSEQUENCES_OF_ERRORS	POSIX08-2016:https://pubs.opengroup.org/onlinepubs/9699919799.2016edition/utilities/fold.html;REPO:cmds/fold	scripts/posix_manifest_test.py;repository evidence named by evidence_ids	specified
getconf	go	cmds/getconf	go	cmds/getconf	flagset	getconf [-v specification] system_var ; getconf [-v specification] path_var pathname	-	base	-v	-	-	-v=<specification>	path_var;pathname;system_var	Use operands in the order and cardinality shown by each applicable synopsis; defined operand forms: path_var;pathname;system_var.	-:no command-specific operand meaning beyond the displayed synopsis;--:end options where POSIX Utility Syntax Guideline 10 applies	No command-specific standard-input use; the POSIX STDIN clause remains authoritative.	LANG;LC_ALL;LC_CTYPE;LC_MESSAGES;NLSPATH	Write the required result format to standard output.	stdout	Write diagnostics required by POSIX to standard error.	0 on successful completion; greater than 0 on error, except where POSIX defines command-specific values.	XCU:getconf:SYNOPSIS,OPTIONS,OPERANDS,ENVIRONMENT_VARIABLES,STDIN,INPUT_FILES,STDOUT,STDERR,OUTPUT_FILES,EXIT_STATUS,CONSEQUENCES_OF_ERRORS	POSIX08-2016:https://pubs.opengroup.org/onlinepubs/9699919799.2016edition/utilities/getconf.html;REPO:cmds/getconf	scripts/posix_manifest_test.py;repository evidence named by evidence_ids	specified
getopts	shell_only	-	shell	shell:getopts	shell_builtin	getopts optstring name [arg...]	-	base	-	-	-	-	optstring;name	Use operands in the order and cardinality shown by each applicable synopsis; defined operand forms: optstring;name.	-:no command-specific operand meaning beyond the displayed synopsis;--:end options where POSIX Utility Syntax Guideline 10 applies	No command-specific standard-input use; the POSIX STDIN clause remains authoritative.	LANG;LC_ALL;LC_CTYPE;LC_MESSAGES;NLSPATH;OPTIND	Produce the files, state changes, terminal/peer actions, or other effects specified by POSIX.	process_or_shell_state	Write diagnostics required by POSIX to standard error.	0 on successful completion; greater than 0 on error, except where POSIX defines command-specific values.	XCU:getopts:SYNOPSIS,OPTIONS,OPERANDS,ENVIRONMENT_VARIABLES,STDIN,INPUT_FILES,STDOUT,STDERR,OUTPUT_FILES,EXIT_STATUS,CONSEQUENCES_OF_ERRORS	POSIX08-2016:https://pubs.opengroup.org/onlinepubs/9699919799.2016edition/utilities/getopts.html;REPO:SHELL:getopts	scripts/posix_manifest_test.py;repository evidence named by evidence_ids	specified
grep	go	cmds/grep	go	cmds/grep	flagset	grep [-E|-F] [-c|-l|-q] [-insvx] -e pattern_list [-e pattern_list]... [-f pattern_file]... [file...] ; grep [-E|-F] [-c|-l|-q] [-insvx] [-e pattern_list]... -f pattern_file [-f pattern_file]... [file...] ; grep [-E|-F] [-c|-l|-q] [-insvx] pattern_list [file...]	-	base	-E;-F;-c;-e;-f;-i;-l;-n;-q;-s;-v;-x	-	-	-e=<pattern_list>;-f=<pattern_file>	pattern_list;file	Use operands in the order and cardinality shown by each applicable synopsis; defined operand forms: pattern_list;file.	-:select standard input in a file-operand position;--:end options where POSIX Utility Syntax Guideline 10 applies	Read standard input for a '-' file operand and when no file operand is supplied.	LANG;LC_ALL;LC_COLLATE;LC_CTYPE;LC_MESSAGES;NLSPATH	Write the required result format to standard output.	stdout	Write diagnostics required by POSIX to standard error.	0 selected lines found; 1 none found; greater than 1 on error.	XCU:grep:SYNOPSIS,OPTIONS,OPERANDS,ENVIRONMENT_VARIABLES,STDIN,INPUT_FILES,STDOUT,STDERR,OUTPUT_FILES,EXIT_STATUS,CONSEQUENCES_OF_ERRORS	POSIX08-2016:https://pubs.opengroup.org/onlinepubs/9699919799.2016edition/utilities/grep.html;REPO:cmds/grep	scripts/posix_manifest_test.py;repository evidence named by evidence_ids	specified
hash	shell_only	-	shell	shell:hash	shell_builtin	hash [utility...] ; hash -r	-	base	-r	-	-	-	utility	Use operands in the order and cardinality shown by each applicable synopsis; defined operand forms: utility.	-:no command-specific operand meaning beyond the displayed synopsis;--:end options where POSIX Utility Syntax Guideline 10 applies	No command-specific standard-input use; the POSIX STDIN clause remains authoritative.	LANG;LC_ALL;LC_CTYPE;LC_MESSAGES;NLSPATH;PATH	Produce the files, state changes, terminal/peer actions, or other effects specified by POSIX.	process_or_shell_state	Write diagnostics required by POSIX to standard error.	0 on successful completion; greater than 0 on error, except where POSIX defines command-specific values.	XCU:hash:SYNOPSIS,OPTIONS,OPERANDS,ENVIRONMENT_VARIABLES,STDIN,INPUT_FILES,STDOUT,STDERR,OUTPUT_FILES,EXIT_STATUS,CONSEQUENCES_OF_ERRORS	POSIX08-2016:https://pubs.opengroup.org/onlinepubs/9699919799.2016edition/utilities/hash.html;REPO:SHELL:hash	scripts/posix_manifest_test.py;repository evidence named by evidence_ids	specified
head	go	cmds/head	go	cmds/head	flagset	head [-n number] [file...]	-	base	-n	-	-	-n=<number>	file	Use operands in the order and cardinality shown by each applicable synopsis; defined operand forms: file.	-:select standard input in a file-operand position;--:end options where POSIX Utility Syntax Guideline 10 applies	Read standard input for a '-' file operand and when no file operand is supplied.	LANG;LC_ALL;LC_CTYPE;LC_MESSAGES;NLSPATH	Write the required result format to standard output.	stdout	Write diagnostics required by POSIX to standard error.	0 on successful completion; greater than 0 on error, except where POSIX defines command-specific values.	XCU:head:SYNOPSIS,OPTIONS,OPERANDS,ENVIRONMENT_VARIABLES,STDIN,INPUT_FILES,STDOUT,STDERR,OUTPUT_FILES,EXIT_STATUS,CONSEQUENCES_OF_ERRORS	POSIX08-2016:https://pubs.opengroup.org/onlinepubs/9699919799.2016edition/utilities/head.html;REPO:cmds/head	scripts/posix_manifest_test.py;repository evidence named by evidence_ids	specified
iconv	go	cmds/iconv	go	cmds/iconv	flagset	iconv [-cs] -f frommap -t tomap [file...] ; iconv -f fromcode [-cs] [-t tocode] [file...] ; iconv -t tocode [-cs] [-f fromcode] [file...] ; iconv -l	-	base	-c;-f;-l;-s;-t	-	-	-f=<fromcodeset>;-t=<tocodeset>	file	Use operands in the order and cardinality shown by each applicable synopsis; defined operand forms: file.	-:no command-specific operand meaning beyond the displayed synopsis;--:end options where POSIX Utility Syntax Guideline 10 applies	Read standard input when the applicable synopsis supplies no input-file operand.	LANG;LC_ALL;LC_CTYPE;LC_MESSAGES;NLSPATH	Write the required result format to standard output.	stdout	Write diagnostics required by POSIX to standard error.	0 on successful completion; greater than 0 on error, except where POSIX defines command-specific values.	XCU:iconv:SYNOPSIS,OPTIONS,OPERANDS,ENVIRONMENT_VARIABLES,STDIN,INPUT_FILES,STDOUT,STDERR,OUTPUT_FILES,EXIT_STATUS,CONSEQUENCES_OF_ERRORS	POSIX08-2016:https://pubs.opengroup.org/onlinepubs/9699919799.2016edition/utilities/iconv.html;REPO:cmds/iconv	scripts/posix_manifest_test.py;repository evidence named by evidence_ids	specified
id	go	cmds/id	go	cmds/id	flagset	id [user] ; id -G [-n] [user] ; id -g [-nr] [user] ; id -u [-nr] [user]	-	base	-G;-g;-n;-r;-u	-	-	-	user	Use operands in the order and cardinality shown by each applicable synopsis; defined operand forms: user.	-:no command-specific operand meaning beyond the displayed synopsis;--:end options where POSIX Utility Syntax Guideline 10 applies	No command-specific standard-input use; the POSIX STDIN clause remains authoritative.	LANG;LC_ALL;LC_CTYPE;LC_MESSAGES;NLSPATH	Write the required result format to standard output.	stdout	Write diagnostics required by POSIX to standard error.	0 on successful completion; greater than 0 on error, except where POSIX defines command-specific values.	XCU:id:SYNOPSIS,OPTIONS,OPERANDS,ENVIRONMENT_VARIABLES,STDIN,INPUT_FILES,STDOUT,STDERR,OUTPUT_FILES,EXIT_STATUS,CONSEQUENCES_OF_ERRORS	POSIX08-2016:https://pubs.opengroup.org/onlinepubs/9699919799.2016edition/utilities/id.html;REPO:cmds/id	scripts/posix_manifest_test.py;repository evidence named by evidence_ids	specified
jobs	shell_only	-	shell	shell:jobs	shell_builtin	-	optional::jobs [-l|-p] [job_id...]	optional	-	optional:-l,-p	-	-	job_id	Use operands in the order and cardinality shown by each applicable synopsis; defined operand forms: job_id.	-:no command-specific operand meaning beyond the displayed synopsis;--:end options where POSIX Utility Syntax Guideline 10 applies	No command-specific standard-input use; the POSIX STDIN clause remains authoritative.	LANG;LC_ALL;LC_CTYPE;LC_MESSAGES;NLSPATH	Produce the files, state changes, terminal/peer actions, or other effects specified by POSIX.	process_or_shell_state	Write diagnostics required by POSIX to standard error.	0 on successful completion; greater than 0 on error, except where POSIX defines command-specific values.	XCU:jobs:SYNOPSIS,OPTIONS,OPERANDS,ENVIRONMENT_VARIABLES,STDIN,INPUT_FILES,STDOUT,STDERR,OUTPUT_FILES,EXIT_STATUS,CONSEQUENCES_OF_ERRORS	POSIX08-2016:https://pubs.opengroup.org/onlinepubs/9699919799.2016edition/utilities/jobs.html;REPO:SHELL:jobs	scripts/posix_manifest_test.py;repository evidence named by evidence_ids	specified
join	go	cmds/join	go	cmds/join	flagset	join [-a file_number|-v file_number] [-e string] [-o list] [-t char] [-1 field] [-2 field] file1 file2	-	base	-a;-e;-o;-t;-v;-1;-2	-	-	-a=<file_number>;-e=<string>;-o=<list>;-t=<char>;-v=<file_number>;-1=<field>;-2=<field>	file1, file2	Use operands in the order and cardinality shown by each applicable synopsis; defined operand forms: file1, file2.	-:select standard input in a file-operand position;--:end options where POSIX Utility Syntax Guideline 10 applies	Read standard input for a '-' file operand as permitted by the synopsis.	LANG;LC_ALL;LC_COLLATE;LC_CTYPE;LC_MESSAGES;NLSPATH	Write the required result format to standard output.	stdout	Write diagnostics required by POSIX to standard error.	0 on successful completion; greater than 0 on error, except where POSIX defines command-specific values.	XCU:join:SYNOPSIS,OPTIONS,OPERANDS,ENVIRONMENT_VARIABLES,STDIN,INPUT_FILES,STDOUT,STDERR,OUTPUT_FILES,EXIT_STATUS,CONSEQUENCES_OF_ERRORS	POSIX08-2016:https://pubs.opengroup.org/onlinepubs/9699919799.2016edition/utilities/join.html;REPO:cmds/join	scripts/posix_manifest_test.py;repository evidence named by evidence_ids	specified
kill	go	cmds/kill	shell	shell:kill	shell_builtin	kill -s signal_name pid... ; kill -l [exit_status] ; kill [-signal_number] pid...	xsi::kill [-signal_name] pid...	base;xsi	-l;-s;-<signal_number>	xsi:-<signal_name>	-	-s=<signal_name>	pid;exit_status	Use operands in the order and cardinality shown by each applicable synopsis; defined operand forms: pid;exit_status.	-:no command-specific operand meaning beyond the displayed synopsis;--:end options where POSIX Utility Syntax Guideline 10 applies	No command-specific standard-input use; the POSIX STDIN clause remains authoritative.	LANG;LC_ALL;LC_CTYPE;LC_MESSAGES;NLSPATH	Produce the files, state changes, terminal/peer actions, or other effects specified by POSIX.	process_or_shell_state	Write diagnostics required by POSIX to standard error.	0 on successful completion; greater than 0 on error, except where POSIX defines command-specific values.	XCU:kill:SYNOPSIS,OPTIONS,OPERANDS,ENVIRONMENT_VARIABLES,STDIN,INPUT_FILES,STDOUT,STDERR,OUTPUT_FILES,EXIT_STATUS,CONSEQUENCES_OF_ERRORS	POSIX08-2016:https://pubs.opengroup.org/onlinepubs/9699919799.2016edition/utilities/kill.html;REPO:SHELL:kill	scripts/posix_manifest_test.py;repository evidence named by evidence_ids	specified
ln	go	cmds/ln	go	cmds/ln	flagset	ln [-fs] [-L|-P] source_file target_file ; ln [-fs] [-L|-P] source_file... target_dir	-	base	-f;-L;-P;-s	-	-	-	source_file;target_file;target_dir	Use operands in the order and cardinality shown by each applicable synopsis; defined operand forms: source_file;target_file;target_dir.	-:no command-specific operand meaning beyond the displayed synopsis;--:end options where POSIX Utility Syntax Guideline 10 applies	No command-specific standard-input use; the POSIX STDIN clause remains authoritative.	LANG;LC_ALL;LC_CTYPE;LC_MESSAGES;NLSPATH	Produce the files, state changes, terminal/peer actions, or other effects specified by POSIX.	filesystem	Write diagnostics required by POSIX to standard error.	0 on successful completion; greater than 0 on error, except where POSIX defines command-specific values.	XCU:ln:SYNOPSIS,OPTIONS,OPERANDS,ENVIRONMENT_VARIABLES,STDIN,INPUT_FILES,STDOUT,STDERR,OUTPUT_FILES,EXIT_STATUS,CONSEQUENCES_OF_ERRORS	POSIX08-2016:https://pubs.opengroup.org/onlinepubs/9699919799.2016edition/utilities/ln.html;REPO:cmds/ln	scripts/posix_manifest_test.py;repository evidence named by evidence_ids	specified
locale	go	cmds/locale	go	cmds/locale	flagset	locale [-a|-m] ; locale [-ck] name...	-	base	-a;-c;-k;-m	-	-	-	name	Use operands in the order and cardinality shown by each applicable synopsis; defined operand forms: name.	-:no command-specific operand meaning beyond the displayed synopsis;--:end options where POSIX Utility Syntax Guideline 10 applies	No command-specific standard-input use; the POSIX STDIN clause remains authoritative.	LANG;LC_ALL;LC_CTYPE;LC_MESSAGES;NLSPATH	Write the required result format to standard output.	stdout	Write diagnostics required by POSIX to standard error.	0 on successful completion; greater than 0 on error, except where POSIX defines command-specific values.	XCU:locale:SYNOPSIS,OPTIONS,OPERANDS,ENVIRONMENT_VARIABLES,STDIN,INPUT_FILES,STDOUT,STDERR,OUTPUT_FILES,EXIT_STATUS,CONSEQUENCES_OF_ERRORS	POSIX08-2016:https://pubs.opengroup.org/onlinepubs/9699919799.2016edition/utilities/locale.html;REPO:cmds/locale	scripts/posix_manifest_test.py;repository evidence named by evidence_ids	specified
localedef	external_provider	cmds/posixproviders	external_provider	pkg/posixprovider/manifest.tsv#localedef	external	localedef [-c] [-f charmap] [-i sourcefile] [-u code_set_name] name	-	base	-c;-f;-i;-u	-	-	-f=<charmap>;-i=<inputfile>;-u=<code_set_name>	name	Use operands in the order and cardinality shown by each applicable synopsis; defined operand forms: name.	-:no command-specific operand meaning beyond the displayed synopsis;--:end options where POSIX Utility Syntax Guideline 10 applies	No command-specific standard-input use; the POSIX STDIN clause remains authoritative.	LANG;LC_ALL;LC_COLLATE;LC_CTYPE;LC_MESSAGES;NLSPATH	Produce the files, state changes, terminal/peer actions, or other effects specified by POSIX.	filesystem	Write diagnostics required by POSIX to standard error.	0 on successful completion; greater than 0 on error, except where POSIX defines command-specific values.	XCU:localedef:SYNOPSIS,OPTIONS,OPERANDS,ENVIRONMENT_VARIABLES,STDIN,INPUT_FILES,STDOUT,STDERR,OUTPUT_FILES,EXIT_STATUS,CONSEQUENCES_OF_ERRORS	POSIX08-2016:https://pubs.opengroup.org/onlinepubs/9699919799.2016edition/utilities/localedef.html;REPO:pkg/posixprovider/manifest.tsv#localedef	scripts/posix_manifest_test.py;repository evidence named by evidence_ids	specified
logger	go	cmds/logger	go	cmds/logger	flagset	logger string...	-	base	-	-	-	-	string	Use operands in the order and cardinality shown by each applicable synopsis; defined operand forms: string.	-:no command-specific operand meaning beyond the displayed synopsis;--:end options where POSIX Utility Syntax Guideline 10 applies	No command-specific standard-input use; the POSIX STDIN clause remains authoritative.	LANG;LC_ALL;LC_CTYPE;LC_MESSAGES;NLSPATH	Write the required result format to standard output.	stdout	Write diagnostics required by POSIX to standard error.	0 on successful completion; greater than 0 on error, except where POSIX defines command-specific values.	XCU:logger:SYNOPSIS,OPTIONS,OPERANDS,ENVIRONMENT_VARIABLES,STDIN,INPUT_FILES,STDOUT,STDERR,OUTPUT_FILES,EXIT_STATUS,CONSEQUENCES_OF_ERRORS	POSIX08-2016:https://pubs.opengroup.org/onlinepubs/9699919799.2016edition/utilities/logger.html;REPO:cmds/logger	scripts/posix_manifest_test.py;repository evidence named by evidence_ids	specified
logname	go	cmds/logname	go	cmds/logname	flagset	logname	-	base	-	-	-	-	-	No operands are specified; use exactly the option-only or operand-free synopsis.	-:no command-specific operand meaning beyond the displayed synopsis;--:end options where POSIX Utility Syntax Guideline 10 applies	No command-specific standard-input use; the POSIX STDIN clause remains authoritative.	LANG;LC_ALL;LC_CTYPE;LC_MESSAGES;NLSPATH	Write the required result format to standard output.	stdout	Write diagnostics required by POSIX to standard error.	0 on successful completion; greater than 0 on error, except where POSIX defines command-specific values.	XCU:logname:SYNOPSIS,OPTIONS,OPERANDS,ENVIRONMENT_VARIABLES,STDIN,INPUT_FILES,STDOUT,STDERR,OUTPUT_FILES,EXIT_STATUS,CONSEQUENCES_OF_ERRORS	POSIX08-2016:https://pubs.opengroup.org/onlinepubs/9699919799.2016edition/utilities/logname.html;REPO:cmds/logname	scripts/posix_manifest_test.py;repository evidence named by evidence_ids	specified
lp	external_provider	cmds/posixproviders	external_provider	pkg/posixprovider/manifest.tsv#lp	external	lp [-c] [-d dest] [-n copies] [-msw] [-o option]... [-t title] [file...]	-	base	-c;-d;-m;-n;-o;-s;-t;-w	-	-	-d=<dest>;-n=<copies>;-o=<option>;-t=<title>	file	Use operands in the order and cardinality shown by each applicable synopsis; defined operand forms: file.	-:no command-specific operand meaning beyond the displayed synopsis;--:end options where POSIX Utility Syntax Guideline 10 applies	No command-specific standard-input use; the POSIX STDIN clause remains authoritative.	LANG;LC_ALL;LC_CTYPE;LC_MESSAGES;LC_TIME;LPDEST;NLSPATH;PRINTER;TZ	Write the required result format to standard output.	stdout	Write diagnostics required by POSIX to standard error.	0 on successful completion; greater than 0 on error, except where POSIX defines command-specific values.	XCU:lp:SYNOPSIS,OPTIONS,OPERANDS,ENVIRONMENT_VARIABLES,STDIN,INPUT_FILES,STDOUT,STDERR,OUTPUT_FILES,EXIT_STATUS,CONSEQUENCES_OF_ERRORS	POSIX08-2016:https://pubs.opengroup.org/onlinepubs/9699919799.2016edition/utilities/lp.html;REPO:pkg/posixprovider/manifest.tsv#lp	scripts/posix_manifest_test.py;repository evidence named by evidence_ids	specified
ls	go	cmds/ls	go	cmds/ls	flagset	-	xsi::ls [-ikqrs] [-glno] [-A|-a] [-C|-m|-x|-1]  [-F|-p] [-H|-L] [-R|-d] [-S|-f|-t] [-c|-u] [file...]	xsi	-	xsi:-A,-C,-F,-H,-L,-R,-S,-a,-c,-d,-f,-g,-i,-k,-l,-m,-n,-o,-p,-q,-r,-s,-t,-u,-x,-1	-	-	file	Use operands in the order and cardinality shown by each applicable synopsis; defined operand forms: file.	-:no command-specific operand meaning beyond the displayed synopsis;--:end options where POSIX Utility Syntax Guideline 10 applies	No command-specific standard-input use; the POSIX STDIN clause remains authoritative.	COLUMNS;LANG;LC_ALL;LC_COLLATE;LC_CTYPE;LC_MESSAGES;LC_TIME;NLSPATH;TZ	Write the required result format to standard output.	stdout	Write diagnostics required by POSIX to standard error.	0 on successful completion; greater than 0 on error, except where POSIX defines command-specific values.	XCU:ls:SYNOPSIS,OPTIONS,OPERANDS,ENVIRONMENT_VARIABLES,STDIN,INPUT_FILES,STDOUT,STDERR,OUTPUT_FILES,EXIT_STATUS,CONSEQUENCES_OF_ERRORS	POSIX08-2016:https://pubs.opengroup.org/onlinepubs/9699919799.2016edition/utilities/ls.html;REPO:cmds/ls	scripts/posix_manifest_test.py;repository evidence named by evidence_ids	specified
m4	external_provider	cmds/posixproviders	external_provider	pkg/posixprovider/manifest.tsv#m4	external	m4 [-s] [-D name[=val]]... [-U name]... file...	-	base	-s;-D;-U	-	-	-D=<name[=val]>;-U=<name>	file	Use operands in the order and cardinality shown by each applicable synopsis; defined operand forms: file.	-:no command-specific operand meaning beyond the displayed synopsis;--:end options where POSIX Utility Syntax Guideline 10 applies	No command-specific standard-input use; the POSIX STDIN clause remains authoritative.	LANG;LC_ALL;LC_CTYPE;LC_MESSAGES;NLSPATH	Write the required result format to standard output.	stdout	Write diagnostics required by POSIX to standard error.	0 on successful completion; greater than 0 on error, except where POSIX defines command-specific values.	XCU:m4:SYNOPSIS,OPTIONS,OPERANDS,ENVIRONMENT_VARIABLES,STDIN,INPUT_FILES,STDOUT,STDERR,OUTPUT_FILES,EXIT_STATUS,CONSEQUENCES_OF_ERRORS	POSIX08-2016:https://pubs.opengroup.org/onlinepubs/9699919799.2016edition/utilities/m4.html;REPO:pkg/posixprovider/manifest.tsv#m4	scripts/posix_manifest_test.py;repository evidence named by evidence_ids	specified
mailx	external_provider	cmds/posixproviders	external_provider	pkg/posixprovider/manifest.tsv#mailx	external	mailx [-s subject] address... ; mailx [-HiNn] [-F] [-u user] ; mailx -f [-HiNn] [-F] [file]	optional::mailx -e	base;optional	-f;-F;-H;-i;-n;-N;-s;-u	optional:-e	-	-s=<subject>;-u=<user>	address;file	Use operands in the order and cardinality shown by each applicable synopsis; defined operand forms: address;file.	-:no command-specific operand meaning beyond the displayed synopsis;--:end options where POSIX Utility Syntax Guideline 10 applies	Read standard input when the applicable synopsis supplies no input-file operand.	DEAD;EDITOR;HOME;LANG;LC_ALL;LC_CTYPE;LC_TIME;LC_MESSAGES;LISTER;MAILRC;MBOX;NLSPATH;PAGER;SHELL;TERM;TZ;VISUAL	Write the required result format to standard output.	stdout	Write diagnostics required by POSIX to standard error.	0 on successful completion; greater than 0 on error, except where POSIX defines command-specific values.	XCU:mailx:SYNOPSIS,OPTIONS,OPERANDS,ENVIRONMENT_VARIABLES,STDIN,INPUT_FILES,STDOUT,STDERR,OUTPUT_FILES,EXIT_STATUS,CONSEQUENCES_OF_ERRORS	POSIX08-2016:https://pubs.opengroup.org/onlinepubs/9699919799.2016edition/utilities/mailx.html;REPO:pkg/posixprovider/manifest.tsv#mailx	scripts/posix_manifest_test.py;repository evidence named by evidence_ids	specified
make	external_provider	cmds/posixproviders	external_provider	pkg/posixprovider/manifest.tsv#make	external	-	development::make [-einpqrst] [-f makefile]... [-k|-S] [macro=value...] [target_name...]	development	-	development:-e,-f,-i,-k,-n,-p,-q,-r,-S,-s,-t	-	-f=<makefile>	target_name;macro=value	Use operands in the order and cardinality shown by each applicable synopsis; defined operand forms: target_name;macro=value.	-:no command-specific operand meaning beyond the displayed synopsis;--:end options where POSIX Utility Syntax Guideline 10 applies	No command-specific standard-input use; the POSIX STDIN clause remains authoritative.	LANG;LC_ALL;LC_CTYPE;LC_MESSAGES;MAKEFLAGS;NLSPATH;PROJECTDIR	Produce the files, state changes, terminal/peer actions, or other effects specified by POSIX.	filesystem	Write diagnostics required by POSIX to standard error.	0 on successful completion; greater than 0 on error, except where POSIX defines command-specific values.	XCU:make:SYNOPSIS,OPTIONS,OPERANDS,ENVIRONMENT_VARIABLES,STDIN,INPUT_FILES,STDOUT,STDERR,OUTPUT_FILES,EXIT_STATUS,CONSEQUENCES_OF_ERRORS	POSIX08-2016:https://pubs.opengroup.org/onlinepubs/9699919799.2016edition/utilities/make.html;REPO:pkg/posixprovider/manifest.tsv#make	scripts/posix_manifest_test.py;repository evidence named by evidence_ids	specified
man	external_provider	cmds/posixproviders	external_provider	pkg/posixprovider/manifest.tsv#man	external	man [-k] name...	-	base	-k	-	-	-	name	Use operands in the order and cardinality shown by each applicable synopsis; defined operand forms: name.	-:no command-specific operand meaning beyond the displayed synopsis;--:end options where POSIX Utility Syntax Guideline 10 applies	No command-specific standard-input use; the POSIX STDIN clause remains authoritative.	LANG;LC_ALL;LC_CTYPE;LC_MESSAGES;NLSPATH;PAGER	Write the required result format to standard output.	stdout	Write diagnostics required by POSIX to standard error.	0 on successful completion; greater than 0 on error, except where POSIX defines command-specific values.	XCU:man:SYNOPSIS,OPTIONS,OPERANDS,ENVIRONMENT_VARIABLES,STDIN,INPUT_FILES,STDOUT,STDERR,OUTPUT_FILES,EXIT_STATUS,CONSEQUENCES_OF_ERRORS	POSIX08-2016:https://pubs.opengroup.org/onlinepubs/9699919799.2016edition/utilities/man.html;REPO:pkg/posixprovider/manifest.tsv#man	scripts/posix_manifest_test.py;repository evidence named by evidence_ids	specified
mesg	go	cmds/mesg	go	cmds/mesg	flagset	mesg [y|n]	-	base	-	-	-	-	y;n	Use operands in the order and cardinality shown by each applicable synopsis; defined operand forms: y;n.	-:no command-specific operand meaning beyond the displayed synopsis;--:end options where POSIX Utility Syntax Guideline 10 applies	No command-specific standard-input use; the POSIX STDIN clause remains authoritative.	LANG;LC_ALL;LC_CTYPE;LC_MESSAGES;NLSPATH	Produce the files, state changes, terminal/peer actions, or other effects specified by POSIX.	terminal_or_peer_state	Write diagnostics required by POSIX to standard error.	0 on successful completion; greater than 0 on error, except where POSIX defines command-specific values.	XCU:mesg:SYNOPSIS,OPTIONS,OPERANDS,ENVIRONMENT_VARIABLES,STDIN,INPUT_FILES,STDOUT,STDERR,OUTPUT_FILES,EXIT_STATUS,CONSEQUENCES_OF_ERRORS	POSIX08-2016:https://pubs.opengroup.org/onlinepubs/9699919799.2016edition/utilities/mesg.html;REPO:cmds/mesg	scripts/posix_manifest_test.py;repository evidence named by evidence_ids	specified
mkdir	go	cmds/mkdir	go	cmds/mkdir	flagset	mkdir [-p] [-m mode] dir...	-	base	-m;-p	-	-	-m=<mode>	dir	Use operands in the order and cardinality shown by each applicable synopsis; defined operand forms: dir.	-:no command-specific operand meaning beyond the displayed synopsis;--:end options where POSIX Utility Syntax Guideline 10 applies	No command-specific standard-input use; the POSIX STDIN clause remains authoritative.	LANG;LC_ALL;LC_CTYPE;LC_MESSAGES;NLSPATH	Produce the files, state changes, terminal/peer actions, or other effects specified by POSIX.	filesystem	Write diagnostics required by POSIX to standard error.	0 on successful completion; greater than 0 on error, except where POSIX defines command-specific values.	XCU:mkdir:SYNOPSIS,OPTIONS,OPERANDS,ENVIRONMENT_VARIABLES,STDIN,INPUT_FILES,STDOUT,STDERR,OUTPUT_FILES,EXIT_STATUS,CONSEQUENCES_OF_ERRORS	POSIX08-2016:https://pubs.opengroup.org/onlinepubs/9699919799.2016edition/utilities/mkdir.html;REPO:cmds/mkdir	scripts/posix_manifest_test.py;repository evidence named by evidence_ids	specified
mkfifo	go	cmds/mkfifo	go	cmds/mkfifo	flagset	mkfifo [-m mode] file...	-	base	-m	-	-	-m=<mode>	file	Use operands in the order and cardinality shown by each applicable synopsis; defined operand forms: file.	-:no command-specific operand meaning beyond the displayed synopsis;--:end options where POSIX Utility Syntax Guideline 10 applies	No command-specific standard-input use; the POSIX STDIN clause remains authoritative.	LANG;LC_ALL;LC_CTYPE;LC_MESSAGES;NLSPATH	Produce the files, state changes, terminal/peer actions, or other effects specified by POSIX.	filesystem	Write diagnostics required by POSIX to standard error.	0 on successful completion; greater than 0 on error, except where POSIX defines command-specific values.	XCU:mkfifo:SYNOPSIS,OPTIONS,OPERANDS,ENVIRONMENT_VARIABLES,STDIN,INPUT_FILES,STDOUT,STDERR,OUTPUT_FILES,EXIT_STATUS,CONSEQUENCES_OF_ERRORS	POSIX08-2016:https://pubs.opengroup.org/onlinepubs/9699919799.2016edition/utilities/mkfifo.html;REPO:cmds/mkfifo	scripts/posix_manifest_test.py;repository evidence named by evidence_ids	specified
more	go	cmds/more	go	cmds/more	flagset	-	optional::more [-ceisu] [-n number] [-p command] [-t tagstring] [file...]	optional	-	optional:-c,-e,-i,-n,-p,-s,-t,-u	-	-n=<number>;-p=<command>;-t=<tagstring>	file	Use operands in the order and cardinality shown by each applicable synopsis; defined operand forms: file.	-:no command-specific operand meaning beyond the displayed synopsis;--:end options where POSIX Utility Syntax Guideline 10 applies	No command-specific standard-input use; the POSIX STDIN clause remains authoritative.	COLUMNS;EDITOR;LANG;LC_ALL;LC_COLLATE;LC_CTYPE;LC_MESSAGES;NLSPATH;LINES;MORE;TERM	Produce the files, state changes, terminal/peer actions, or other effects specified by POSIX.	terminal_or_peer_state	Write diagnostics required by POSIX to standard error.	0 on successful completion; greater than 0 on error, except where POSIX defines command-specific values.	XCU:more:SYNOPSIS,OPTIONS,OPERANDS,ENVIRONMENT_VARIABLES,STDIN,INPUT_FILES,STDOUT,STDERR,OUTPUT_FILES,EXIT_STATUS,CONSEQUENCES_OF_ERRORS	POSIX08-2016:https://pubs.opengroup.org/onlinepubs/9699919799.2016edition/utilities/more.html;REPO:cmds/more	scripts/posix_manifest_test.py;repository evidence named by evidence_ids	specified
mv	go	cmds/mv	go	cmds/mv	flagset	mv [-if] source_file target_file ; mv [-if] source_file... target_dir	-	base	-f;-i	-	-	-	source_file;target_file;target_dir	Use operands in the order and cardinality shown by each applicable synopsis; defined operand forms: source_file;target_file;target_dir.	-:no command-specific operand meaning beyond the displayed synopsis;--:end options where POSIX Utility Syntax Guideline 10 applies	No command-specific standard-input use; the POSIX STDIN clause remains authoritative.	LANG;LC_ALL;LC_COLLATE;LC_CTYPE;LC_MESSAGES;NLSPATH	Produce the files, state changes, terminal/peer actions, or other effects specified by POSIX.	filesystem	Write diagnostics required by POSIX to standard error.	0 on successful completion; greater than 0 on error, except where POSIX defines command-specific values.	XCU:mv:SYNOPSIS,OPTIONS,OPERANDS,ENVIRONMENT_VARIABLES,STDIN,INPUT_FILES,STDOUT,STDERR,OUTPUT_FILES,EXIT_STATUS,CONSEQUENCES_OF_ERRORS	POSIX08-2016:https://pubs.opengroup.org/onlinepubs/9699919799.2016edition/utilities/mv.html;REPO:cmds/mv	scripts/posix_manifest_test.py;repository evidence named by evidence_ids	specified
newgrp	go	cmds/newgrp	go	cmds/newgrp	flagset	newgrp [-l] [group]	-	base	-l	-	-	-	group	Use operands in the order and cardinality shown by each applicable synopsis; defined operand forms: group.	-:no command-specific operand meaning beyond the displayed synopsis;--:end options where POSIX Utility Syntax Guideline 10 applies	No command-specific standard-input use; the POSIX STDIN clause remains authoritative.	LANG;LC_ALL;LC_CTYPE;LC_MESSAGES;NLSPATH	Produce the files, state changes, terminal/peer actions, or other effects specified by POSIX.	process_or_shell_state	Write diagnostics required by POSIX to standard error.	0 on successful completion; greater than 0 on error, except where POSIX defines command-specific values.	XCU:newgrp:SYNOPSIS,OPTIONS,OPERANDS,ENVIRONMENT_VARIABLES,STDIN,INPUT_FILES,STDOUT,STDERR,OUTPUT_FILES,EXIT_STATUS,CONSEQUENCES_OF_ERRORS	POSIX08-2016:https://pubs.opengroup.org/onlinepubs/9699919799.2016edition/utilities/newgrp.html;REPO:cmds/newgrp	scripts/posix_manifest_test.py;repository evidence named by evidence_ids	specified
nice	go	cmds/nice	go	cmds/nice	flagset	nice [-n increment] utility [argument...]	-	base	-n	-	-	-n=<increment>	utility;argument	Use operands in the order and cardinality shown by each applicable synopsis; defined operand forms: utility;argument.	-:no command-specific operand meaning beyond the displayed synopsis;--:end options where POSIX Utility Syntax Guideline 10 applies	No command-specific standard-input use; the POSIX STDIN clause remains authoritative.	LANG;LC_ALL;LC_CTYPE;LC_MESSAGES;NLSPATH;PATH	Produce the files, state changes, terminal/peer actions, or other effects specified by POSIX.	process_or_shell_state	Write diagnostics required by POSIX to standard error.	0 on successful completion; greater than 0 on error, except where POSIX defines command-specific values.	XCU:nice:SYNOPSIS,OPTIONS,OPERANDS,ENVIRONMENT_VARIABLES,STDIN,INPUT_FILES,STDOUT,STDERR,OUTPUT_FILES,EXIT_STATUS,CONSEQUENCES_OF_ERRORS	POSIX08-2016:https://pubs.opengroup.org/onlinepubs/9699919799.2016edition/utilities/nice.html;REPO:cmds/nice	scripts/posix_manifest_test.py;repository evidence named by evidence_ids	specified
nm	external_provider	cmds/posixproviders	external_provider	pkg/posixprovider/manifest.tsv#nm	external	-	development::nm [-APv] [-g|-u] [-t format] file... ; xsi::nm [-APv] [-efox] [-g|-u] [-t format] file...	xsi;development	-	development:-A,-g,-P,-t,-u,-v;xsi:-e,-f,-o,-x	-	-t=<format>	file	Use operands in the order and cardinality shown by each applicable synopsis; defined operand forms: file.	-:no command-specific operand meaning beyond the displayed synopsis;--:end options where POSIX Utility Syntax Guideline 10 applies	No command-specific standard-input use; the POSIX STDIN clause remains authoritative.	LANG;LC_ALL;LC_COLLATE;LC_CTYPE;LC_MESSAGES;NLSPATH	Write the required result format to standard output.	stdout	Write diagnostics required by POSIX to standard error.	0 on successful completion; greater than 0 on error, except where POSIX defines command-specific values.	XCU:nm:SYNOPSIS,OPTIONS,OPERANDS,ENVIRONMENT_VARIABLES,STDIN,INPUT_FILES,STDOUT,STDERR,OUTPUT_FILES,EXIT_STATUS,CONSEQUENCES_OF_ERRORS	POSIX08-2016:https://pubs.opengroup.org/onlinepubs/9699919799.2016edition/utilities/nm.html;REPO:pkg/posixprovider/manifest.tsv#nm	scripts/posix_manifest_test.py;repository evidence named by evidence_ids	specified
nohup	go	cmds/nohup	go	cmds/nohup	flagset	nohup utility [argument...]	-	base	-	-	-	-	utility;argument	Use operands in the order and cardinality shown by each applicable synopsis; defined operand forms: utility;argument.	-:no command-specific operand meaning beyond the displayed synopsis;--:end options where POSIX Utility Syntax Guideline 10 applies	No command-specific standard-input use; the POSIX STDIN clause remains authoritative.	HOME;LANG;LC_ALL;LC_CTYPE;LC_MESSAGES;NLSPATH;PATH	Produce the files, state changes, terminal/peer actions, or other effects specified by POSIX.	process_or_shell_state	Write diagnostics required by POSIX to standard error.	0 on successful completion; greater than 0 on error, except where POSIX defines command-specific values.	XCU:nohup:SYNOPSIS,OPTIONS,OPERANDS,ENVIRONMENT_VARIABLES,STDIN,INPUT_FILES,STDOUT,STDERR,OUTPUT_FILES,EXIT_STATUS,CONSEQUENCES_OF_ERRORS	POSIX08-2016:https://pubs.opengroup.org/onlinepubs/9699919799.2016edition/utilities/nohup.html;REPO:cmds/nohup	scripts/posix_manifest_test.py;repository evidence named by evidence_ids	specified
od	go	cmds/od	go	cmds/od	flagset	od [-v] [-A address_base] [-j skip] [-N count] [-t type_string]... [file...]	xsi::od [-bcdosx] [file] [[+]offset[.][b]]	base;xsi	-A;-j;-N;-t;-v	xsi:-b,-c,-d,-o,-s,-x	-	-A=<address_base>;-j=<skip>;-N=<count>;-t=<type_string>	file;[+]offset[.][b]	Use operands in the order and cardinality shown by each applicable synopsis; defined operand forms: file;[+]offset[.][b].	-:select standard input in a file-operand position;--:end options where POSIX Utility Syntax Guideline 10 applies	Read standard input for a '-' file operand and when no file operand is supplied.	LANG;LC_ALL;LC_CTYPE;LC_MESSAGES;LC_NUMERIC;NLSPATH	Write the required result format to standard output.	stdout	Write diagnostics required by POSIX to standard error.	0 on successful completion; greater than 0 on error, except where POSIX defines command-specific values.	XCU:od:SYNOPSIS,OPTIONS,OPERANDS,ENVIRONMENT_VARIABLES,STDIN,INPUT_FILES,STDOUT,STDERR,OUTPUT_FILES,EXIT_STATUS,CONSEQUENCES_OF_ERRORS	POSIX08-2016:https://pubs.opengroup.org/onlinepubs/9699919799.2016edition/utilities/od.html;REPO:cmds/od	scripts/posix_manifest_test.py;repository evidence named by evidence_ids	specified
paste	go	cmds/paste	go	cmds/paste	flagset	paste [-s] [-d list] file...	-	base	-d;-s	-	-	-d=<list>	file	Use operands in the order and cardinality shown by each applicable synopsis; defined operand forms: file.	-:select standard input in a file-operand position;--:end options where POSIX Utility Syntax Guideline 10 applies	Read standard input for a '-' file operand and when no file operand is supplied.	LANG;LC_ALL;LC_CTYPE;LC_MESSAGES;NLSPATH	Write the required result format to standard output.	stdout	Write diagnostics required by POSIX to standard error.	0 on successful completion; greater than 0 on error, except where POSIX defines command-specific values.	XCU:paste:SYNOPSIS,OPTIONS,OPERANDS,ENVIRONMENT_VARIABLES,STDIN,INPUT_FILES,STDOUT,STDERR,OUTPUT_FILES,EXIT_STATUS,CONSEQUENCES_OF_ERRORS	POSIX08-2016:https://pubs.opengroup.org/onlinepubs/9699919799.2016edition/utilities/paste.html;REPO:cmds/paste	scripts/posix_manifest_test.py;repository evidence named by evidence_ids	specified
patch	external_provider	cmds/posixproviders	external_provider	pkg/posixprovider/manifest.tsv#patch	external	patch [-blNR] [-c|-e|-n|-u] [-d dir] [-D define] [-i patchfile] [-o outfile] [-p num] [-r rejectfile] [file]	-	base	-b;-c;-d;-D;-e;-i;-l;-n;-N;-o;-p;-R;-r;-u	-	-	-d=<dir>;-D=<define>;-i=<patchfile>;-o=<outfile>;-p=<num>;-r=<rejectfile>	file	Use operands in the order and cardinality shown by each applicable synopsis; defined operand forms: file.	-:no command-specific operand meaning beyond the displayed synopsis;--:end options where POSIX Utility Syntax Guideline 10 applies	No command-specific standard-input use; the POSIX STDIN clause remains authoritative.	LANG;LC_ALL;LC_COLLATE;LC_CTYPE;LC_MESSAGES;NLSPATH;LC_TIME	Produce the files, state changes, terminal/peer actions, or other effects specified by POSIX.	filesystem	Write diagnostics required by POSIX to standard error.	0 on successful completion; greater than 0 on error, except where POSIX defines command-specific values.	XCU:patch:SYNOPSIS,OPTIONS,OPERANDS,ENVIRONMENT_VARIABLES,STDIN,INPUT_FILES,STDOUT,STDERR,OUTPUT_FILES,EXIT_STATUS,CONSEQUENCES_OF_ERRORS	POSIX08-2016:https://pubs.opengroup.org/onlinepubs/9699919799.2016edition/utilities/patch.html;REPO:pkg/posixprovider/manifest.tsv#patch	scripts/posix_manifest_test.py;repository evidence named by evidence_ids	specified
pathchk	go	cmds/pathchk	go	cmds/pathchk	flagset	pathchk [-p] [-P] pathname...	-	base	-p;-P	-	-	-	pathname	Use operands in the order and cardinality shown by each applicable synopsis; defined operand forms: pathname.	-:no command-specific operand meaning beyond the displayed synopsis;--:end options where POSIX Utility Syntax Guideline 10 applies	No command-specific standard-input use; the POSIX STDIN clause remains authoritative.	LANG;LC_ALL;LC_CTYPE;LC_MESSAGES;NLSPATH	Write the specified result to standard output; diagnostics use standard error.	stdout_or_diagnostic	Write diagnostics required by POSIX to standard error.	0 on successful completion; greater than 0 on error, except where POSIX defines command-specific values.	XCU:pathchk:SYNOPSIS,OPTIONS,OPERANDS,ENVIRONMENT_VARIABLES,STDIN,INPUT_FILES,STDOUT,STDERR,OUTPUT_FILES,EXIT_STATUS,CONSEQUENCES_OF_ERRORS	POSIX08-2016:https://pubs.opengroup.org/onlinepubs/9699919799.2016edition/utilities/pathchk.html;REPO:cmds/pathchk	scripts/posix_manifest_test.py;repository evidence named by evidence_ids	specified
pax	go	cmds/pax	go	cmds/pax	flagset	pax [-dv] [-c|-n] [-H|-L] [-o options] [-f archive] [-s replstr]... [pattern...] ; pax -r[-c|-n] [-dikuv] [-H|-L] [-f archive] [-o options]... [-p string]... [-s replstr]... [pattern...] ; pax -w [-dituvX] [-H|-L] [-b blocksize] [[-a] [-f archive]] [-o options]... [-s replstr]... [-x format] [file...] ; pax -r -w [-diklntuvX] [-H|-L] [-o options]... [-p string]... [-s replstr]... [file...] directory	-	base	-r;-w;-a;-b;-c;-d;-f;-H;-i;-k;-l;-L;-n;-o;-p;-s;-t;-u;-v;-x;-X	-	-	-b=<blocksize>;-f=<archive>;-o=<options>;-p=<string>;-s=<replstr>;-x=<format>	directory;file;pattern	Use operands in the order and cardinality shown by each applicable synopsis; defined operand forms: directory;file;pattern.	-:no command-specific operand meaning beyond the displayed synopsis;--:end options where POSIX Utility Syntax Guideline 10 applies	No command-specific standard-input use; the POSIX STDIN clause remains authoritative.	LANG;LC_ALL;LC_COLLATE;LC_CTYPE;LC_MESSAGES;LC_TIME;NLSPATH;TMPDIR;TZ	Produce the files, state changes, terminal/peer actions, or other effects specified by POSIX.	filesystem	Write diagnostics required by POSIX to standard error.	0 on successful completion; greater than 0 on error, except where POSIX defines command-specific values.	XCU:pax:SYNOPSIS,OPTIONS,OPERANDS,ENVIRONMENT_VARIABLES,STDIN,INPUT_FILES,STDOUT,STDERR,OUTPUT_FILES,EXIT_STATUS,CONSEQUENCES_OF_ERRORS	POSIX08-2016:https://pubs.opengroup.org/onlinepubs/9699919799.2016edition/utilities/pax.html;REPO:cmds/pax	scripts/posix_manifest_test.py;repository evidence named by evidence_ids	specified
pr	go	cmds/pr	go	cmds/pr	flagset	pr [+page] [-column] [-adFmrt] [-e[char][gap]] [-h header] [-i[char][gap]] [-l lines] [-n[char][width]] [-o offset] [-s[char]] [-w width] [-fp] [file...]	-	base;xsi	+<page>;-<column>;-a;-d;-e;-f;-F;-h;-i;-m;-n;-o;-p;-r;-s;-t;-w	xsi:-l	-	-h=<header>;-l=<lines>;-o=<offset>;-w=<width>	file	Use operands in the order and cardinality shown by each applicable synopsis; defined operand forms: file.	-:select standard input in a file-operand position;--:end options where POSIX Utility Syntax Guideline 10 applies	Read standard input for a '-' file operand and when no file operand is supplied.	LANG;LC_ALL;LC_CTYPE;LC_MESSAGES;LC_TIME;NLSPATH;TZ	Write the required result format to standard output.	stdout	Write diagnostics required by POSIX to standard error.	0 on successful completion; greater than 0 on error, except where POSIX defines command-specific values.	XCU:pr:SYNOPSIS,OPTIONS,OPERANDS,ENVIRONMENT_VARIABLES,STDIN,INPUT_FILES,STDOUT,STDERR,OUTPUT_FILES,EXIT_STATUS,CONSEQUENCES_OF_ERRORS	POSIX08-2016:https://pubs.opengroup.org/onlinepubs/9699919799.2016edition/utilities/pr.html;REPO:cmds/pr	scripts/posix_manifest_test.py;repository evidence named by evidence_ids	specified
printf	go	cmds/printf	shell	shell:printf	shell_builtin	printf format [argument...]	-	base	-	-	-	-	format;argument	Use operands in the order and cardinality shown by each applicable synopsis; defined operand forms: format;argument.	-:no command-specific operand meaning beyond the displayed synopsis;--:end options where POSIX Utility Syntax Guideline 10 applies	No command-specific standard-input use; the POSIX STDIN clause remains authoritative.	LANG;LC_ALL;LC_CTYPE;LC_MESSAGES;LC_NUMERIC;NLSPATH	Write the required result format to standard output.	stdout	Write diagnostics required by POSIX to standard error.	0 on successful completion; greater than 0 on error, except where POSIX defines command-specific values.	XCU:printf:SYNOPSIS,OPTIONS,OPERANDS,ENVIRONMENT_VARIABLES,STDIN,INPUT_FILES,STDOUT,STDERR,OUTPUT_FILES,EXIT_STATUS,CONSEQUENCES_OF_ERRORS	POSIX08-2016:https://pubs.opengroup.org/onlinepubs/9699919799.2016edition/utilities/printf.html;REPO:SHELL:printf	scripts/posix_manifest_test.py;repository evidence named by evidence_ids	specified
ps	go	cmds/ps	go	cmds/ps	flagset	-	xsi::ps [-aA] [-defl] [-g grouplist] [-G grouplist] [-n namelist] [-o format]... [-p proclist] [-t termlist] [-u userlist] [-U userlist]	xsi	-	xsi:-a,-A,-d,-e,-f,-g,-G,-l,-n,-o,-p,-t,-u,-U	-	-g=<grouplist>;-G=<grouplist>;-n=<namelist>;-o=<format>;-p=<proclist>;-t=<termlist>;-u=<userlist>;-U=<userlist>	-	No operands are specified; use exactly the option-only or operand-free synopsis.	-:no command-specific operand meaning beyond the displayed synopsis;--:end options where POSIX Utility Syntax Guideline 10 applies	No command-specific standard-input use; the POSIX STDIN clause remains authoritative.	COLUMNS;LANG;LC_ALL;LC_CTYPE;LC_MESSAGES;LC_TIME;NLSPATH;TZ	Write the required result format to standard output.	stdout	Write diagnostics required by POSIX to standard error.	0 on successful completion; greater than 0 on error, except where POSIX defines command-specific values.	XCU:ps:SYNOPSIS,OPTIONS,OPERANDS,ENVIRONMENT_VARIABLES,STDIN,INPUT_FILES,STDOUT,STDERR,OUTPUT_FILES,EXIT_STATUS,CONSEQUENCES_OF_ERRORS	POSIX08-2016:https://pubs.opengroup.org/onlinepubs/9699919799.2016edition/utilities/ps.html;REPO:cmds/ps	scripts/posix_manifest_test.py;repository evidence named by evidence_ids	specified
pwd	go	cmds/pwd	shell	shell:pwd	shell_builtin	pwd [-L|-P]	-	base	-L;-P	-	-	-	-	No operands are specified; use exactly the option-only or operand-free synopsis.	-:no command-specific operand meaning beyond the displayed synopsis;--:end options where POSIX Utility Syntax Guideline 10 applies	No command-specific standard-input use; the POSIX STDIN clause remains authoritative.	LANG;LC_ALL;LC_MESSAGES;NLSPATH;PWD	Write the specified result to standard output; diagnostics use standard error.	stdout_or_diagnostic	Write diagnostics required by POSIX to standard error.	0 on successful completion; greater than 0 on error, except where POSIX defines command-specific values.	XCU:pwd:SYNOPSIS,OPTIONS,OPERANDS,ENVIRONMENT_VARIABLES,STDIN,INPUT_FILES,STDOUT,STDERR,OUTPUT_FILES,EXIT_STATUS,CONSEQUENCES_OF_ERRORS	POSIX08-2016:https://pubs.opengroup.org/onlinepubs/9699919799.2016edition/utilities/pwd.html;REPO:SHELL:pwd	scripts/posix_manifest_test.py;repository evidence named by evidence_ids	specified
read	shell_only	-	shell	shell:read	shell_builtin	read [-r] var...	-	base	-r	-	-	-	var	Use operands in the order and cardinality shown by each applicable synopsis; defined operand forms: var.	-:no command-specific operand meaning beyond the displayed synopsis;--:end options where POSIX Utility Syntax Guideline 10 applies	Read standard input when the applicable synopsis supplies no input-file operand.	IFS;LANG;LC_ALL;LC_CTYPE;LC_MESSAGES;NLSPATH;PS2	Produce the files, state changes, terminal/peer actions, or other effects specified by POSIX.	process_or_shell_state	Write diagnostics required by POSIX to standard error.	0 on successful completion; greater than 0 on error, except where POSIX defines command-specific values.	XCU:read:SYNOPSIS,OPTIONS,OPERANDS,ENVIRONMENT_VARIABLES,STDIN,INPUT_FILES,STDOUT,STDERR,OUTPUT_FILES,EXIT_STATUS,CONSEQUENCES_OF_ERRORS	POSIX08-2016:https://pubs.opengroup.org/onlinepubs/9699919799.2016edition/utilities/read.html;REPO:SHELL:read	scripts/posix_manifest_test.py;repository evidence named by evidence_ids	specified
renice	go	cmds/renice	go	cmds/renice	flagset	renice [-g|-p|-u] -n increment ID...	-	base	-g;-n;-p;-u	-	-	-n=<increment>	ID	Use operands in the order and cardinality shown by each applicable synopsis; defined operand forms: ID.	-:no command-specific operand meaning beyond the displayed synopsis;--:end options where POSIX Utility Syntax Guideline 10 applies	No command-specific standard-input use; the POSIX STDIN clause remains authoritative.	LANG;LC_ALL;LC_CTYPE;LC_MESSAGES;NLSPATH	Produce the files, state changes, terminal/peer actions, or other effects specified by POSIX.	process_or_shell_state	Write diagnostics required by POSIX to standard error.	0 on successful completion; greater than 0 on error, except where POSIX defines command-specific values.	XCU:renice:SYNOPSIS,OPTIONS,OPERANDS,ENVIRONMENT_VARIABLES,STDIN,INPUT_FILES,STDOUT,STDERR,OUTPUT_FILES,EXIT_STATUS,CONSEQUENCES_OF_ERRORS	POSIX08-2016:https://pubs.opengroup.org/onlinepubs/9699919799.2016edition/utilities/renice.html;REPO:cmds/renice	scripts/posix_manifest_test.py;repository evidence named by evidence_ids	specified
rm	go	cmds/rm	go	cmds/rm	flagset	rm [-iRr] file... ; rm -f [-iRr] [file...]	-	base	-f;-i;-R;-r	-	-	-	file	Use operands in the order and cardinality shown by each applicable synopsis; defined operand forms: file.	-:no command-specific operand meaning beyond the displayed synopsis;--:end options where POSIX Utility Syntax Guideline 10 applies	No command-specific standard-input use; the POSIX STDIN clause remains authoritative.	LANG;LC_ALL;LC_COLLATE;LC_CTYPE;LC_MESSAGES;NLSPATH	Produce the files, state changes, terminal/peer actions, or other effects specified by POSIX.	filesystem	Write diagnostics required by POSIX to standard error.	0 on successful completion; greater than 0 on error, except where POSIX defines command-specific values.	XCU:rm:SYNOPSIS,OPTIONS,OPERANDS,ENVIRONMENT_VARIABLES,STDIN,INPUT_FILES,STDOUT,STDERR,OUTPUT_FILES,EXIT_STATUS,CONSEQUENCES_OF_ERRORS	POSIX08-2016:https://pubs.opengroup.org/onlinepubs/9699919799.2016edition/utilities/rm.html;REPO:cmds/rm	scripts/posix_manifest_test.py;repository evidence named by evidence_ids	specified
rmdir	go	cmds/rmdir	go	cmds/rmdir	flagset	rmdir [-p] dir...	-	base	-p	-	-	-	dir	Use operands in the order and cardinality shown by each applicable synopsis; defined operand forms: dir.	-:no command-specific operand meaning beyond the displayed synopsis;--:end options where POSIX Utility Syntax Guideline 10 applies	No command-specific standard-input use; the POSIX STDIN clause remains authoritative.	LANG;LC_ALL;LC_CTYPE;LC_MESSAGES;NLSPATH	Produce the files, state changes, terminal/peer actions, or other effects specified by POSIX.	filesystem	Write diagnostics required by POSIX to standard error.	0 on successful completion; greater than 0 on error, except where POSIX defines command-specific values.	XCU:rmdir:SYNOPSIS,OPTIONS,OPERANDS,ENVIRONMENT_VARIABLES,STDIN,INPUT_FILES,STDOUT,STDERR,OUTPUT_FILES,EXIT_STATUS,CONSEQUENCES_OF_ERRORS	POSIX08-2016:https://pubs.opengroup.org/onlinepubs/9699919799.2016edition/utilities/rmdir.html;REPO:cmds/rmdir	scripts/posix_manifest_test.py;repository evidence named by evidence_ids	specified
sed	go	cmds/sed	go	cmds/sed	custom	sed [-n] script [file...] ; sed [-n] -e script [-e script]... [-f script_file]... [file...] ; sed [-n] [-e script]... -f script_file [-f script_file]... [file...]	-	base	-e;-f;-n	-	-	-e=<script>;-f=<script_file>	file;script	Use operands in the order and cardinality shown by each applicable synopsis; defined operand forms: file;script.	-:select standard input in a file-operand position;--:end options where POSIX Utility Syntax Guideline 10 applies	Read standard input for a '-' file operand and when no file operand is supplied.	LANG;LC_ALL;LC_COLLATE;LC_CTYPE;LC_MESSAGES;NLSPATH	Produce the files, state changes, terminal/peer actions, or other effects specified by POSIX.	filesystem	Write diagnostics required by POSIX to standard error.	0 on successful completion; greater than 0 on error, except where POSIX defines command-specific values.	XCU:sed:SYNOPSIS,OPTIONS,OPERANDS,ENVIRONMENT_VARIABLES,STDIN,INPUT_FILES,STDOUT,STDERR,OUTPUT_FILES,EXIT_STATUS,CONSEQUENCES_OF_ERRORS	POSIX08-2016:https://pubs.opengroup.org/onlinepubs/9699919799.2016edition/utilities/sed.html;REPO:cmds/sed	scripts/posix_manifest_test.py;repository evidence named by evidence_ids	specified
sh	shell_only	-	shell	shell:sh	shell_builtin	sh [-abCefhimnuvx] [-o option]... [+abCefhimnuvx] [+o option]... [command_file [argument...]] ; sh -c [-abCefhimnuvx] [-o option]... [+abCefhimnuvx] [+o option]... command_string [command_name [argument...]] ; sh -s [-abCefhimnuvx] [-o option]... [+abCefhimnuvx] [+o option]... [argument...]	-	base	-a;-b;-C;-e;-f;-h;-i;-m;-n;-u;-v;-x;-o;+a;+b;+C;+e;+f;+h;+i;+m;+n;+u;+v;+x;+o;-c;-s	-	-	-o=<option>;+o=<option>	-;argument;command_file;command_name;command_string	Use operands in the order and cardinality shown by each applicable synopsis; defined operand forms: -;argument;command_file;command_name;command_string.	-:no command-specific operand meaning beyond the displayed synopsis;--:end options where POSIX Utility Syntax Guideline 10 applies	Read standard input when the applicable synopsis supplies no input-file operand.	ENV;FCEDIT;HISTFILE;HISTSIZE;HOME;LANG;LC_ALL;LC_COLLATE;LC_CTYPE;LC_MESSAGES;MAIL;MAILCHECK;MAILPATH;NLSPATH;PATH;PWD	Produce the files, state changes, terminal/peer actions, or other effects specified by POSIX.	process_or_shell_state	Write diagnostics required by POSIX to standard error.	0 on successful completion; greater than 0 on error, except where POSIX defines command-specific values.	XCU:sh:SYNOPSIS,OPTIONS,OPERANDS,ENVIRONMENT_VARIABLES,STDIN,INPUT_FILES,STDOUT,STDERR,OUTPUT_FILES,EXIT_STATUS,CONSEQUENCES_OF_ERRORS	POSIX08-2016:https://pubs.opengroup.org/onlinepubs/9699919799.2016edition/utilities/sh.html;REPO:SHELL:sh	scripts/posix_manifest_test.py;repository evidence named by evidence_ids	specified
sleep	go	cmds/sleep	go	cmds/sleep	flagset	sleep time	-	base	-	-	-	-	time	Use operands in the order and cardinality shown by each applicable synopsis; defined operand forms: time.	-:no command-specific operand meaning beyond the displayed synopsis;--:end options where POSIX Utility Syntax Guideline 10 applies	No command-specific standard-input use; the POSIX STDIN clause remains authoritative.	LANG;LC_ALL;LC_CTYPE;LC_MESSAGES;NLSPATH	Produce the files, state changes, terminal/peer actions, or other effects specified by POSIX.	process_or_shell_state	Write diagnostics required by POSIX to standard error.	0 on successful completion; greater than 0 on error, except where POSIX defines command-specific values.	XCU:sleep:SYNOPSIS,OPTIONS,OPERANDS,ENVIRONMENT_VARIABLES,STDIN,INPUT_FILES,STDOUT,STDERR,OUTPUT_FILES,EXIT_STATUS,CONSEQUENCES_OF_ERRORS	POSIX08-2016:https://pubs.opengroup.org/onlinepubs/9699919799.2016edition/utilities/sleep.html;REPO:cmds/sleep	scripts/posix_manifest_test.py;repository evidence named by evidence_ids	specified
sort	go	cmds/sort	go	cmds/sort	flagset	sort [-m] [-o output] [-bdfinru] [-t char] [-k keydef]... [file...] ; sort [-c|-C] [-bdfinru] [-t char] [-k keydef] [file]	-	base	-c;-C;-m;-o;-u;-d;-f;-i;-n;-r;-b;-t;-k	-	-	-o=<output>;-t=<char>;-k=<keydef>	file	Use operands in the order and cardinality shown by each applicable synopsis; defined operand forms: file.	-:select standard input in a file-operand position;--:end options where POSIX Utility Syntax Guideline 10 applies	Read standard input for a '-' file operand and when no file operand is supplied.	LANG;LC_ALL;LC_COLLATE;LC_CTYPE;LC_MESSAGES;LC_NUMERIC;NLSPATH	Write the required result format to standard output.	stdout	Write diagnostics required by POSIX to standard error.	0 on successful completion; greater than 0 on error, except where POSIX defines command-specific values.	XCU:sort:SYNOPSIS,OPTIONS,OPERANDS,ENVIRONMENT_VARIABLES,STDIN,INPUT_FILES,STDOUT,STDERR,OUTPUT_FILES,EXIT_STATUS,CONSEQUENCES_OF_ERRORS	POSIX08-2016:https://pubs.opengroup.org/onlinepubs/9699919799.2016edition/utilities/sort.html;REPO:cmds/sort	scripts/posix_manifest_test.py;repository evidence named by evidence_ids	specified
split	go	cmds/split	go	cmds/split	flagset	split [-l line_count] [-a suffix_length] [file [name]] ; split -b n[k|m] [-a suffix_length] [file [name]]	-	base	-a;-b;-l	-	-	-a=<suffix_length>;-b=<n>;-l=<line_count>	file;name	Use operands in the order and cardinality shown by each applicable synopsis; defined operand forms: file;name.	-:no command-specific operand meaning beyond the displayed synopsis;--:end options where POSIX Utility Syntax Guideline 10 applies	No command-specific standard-input use; the POSIX STDIN clause remains authoritative.	LANG;LC_ALL;LC_CTYPE;LC_MESSAGES;NLSPATH	Produce the files, state changes, terminal/peer actions, or other effects specified by POSIX.	filesystem	Write diagnostics required by POSIX to standard error.	0 on successful completion; greater than 0 on error, except where POSIX defines command-specific values.	XCU:split:SYNOPSIS,OPTIONS,OPERANDS,ENVIRONMENT_VARIABLES,STDIN,INPUT_FILES,STDOUT,STDERR,OUTPUT_FILES,EXIT_STATUS,CONSEQUENCES_OF_ERRORS	POSIX08-2016:https://pubs.opengroup.org/onlinepubs/9699919799.2016edition/utilities/split.html;REPO:cmds/split	scripts/posix_manifest_test.py;repository evidence named by evidence_ids	specified
strings	go	cmds/strings	go	cmds/strings	flagset	strings [-a] [-t format] [-n number] [file...]	-	base	-a;-n;-t	-	-	-n=<number>;-t=<format>	file	Use operands in the order and cardinality shown by each applicable synopsis; defined operand forms: file.	-:select standard input in a file-operand position;--:end options where POSIX Utility Syntax Guideline 10 applies	Read standard input for a '-' file operand as permitted by the synopsis.	LANG;LC_ALL;LC_CTYPE;LC_MESSAGES;NLSPATH	Write the required result format to standard output.	stdout	Write diagnostics required by POSIX to standard error.	0 on successful completion; greater than 0 on error, except where POSIX defines command-specific values.	XCU:strings:SYNOPSIS,OPTIONS,OPERANDS,ENVIRONMENT_VARIABLES,STDIN,INPUT_FILES,STDOUT,STDERR,OUTPUT_FILES,EXIT_STATUS,CONSEQUENCES_OF_ERRORS	POSIX08-2016:https://pubs.opengroup.org/onlinepubs/9699919799.2016edition/utilities/strings.html;REPO:cmds/strings	scripts/posix_manifest_test.py;repository evidence named by evidence_ids	specified
strip	external_provider	cmds/posixproviders	external_provider	pkg/posixprovider/manifest.tsv#strip	external	-	development::strip file...	development	-	-	-	-	file	Use operands in the order and cardinality shown by each applicable synopsis; defined operand forms: file.	-:no command-specific operand meaning beyond the displayed synopsis;--:end options where POSIX Utility Syntax Guideline 10 applies	No command-specific standard-input use; the POSIX STDIN clause remains authoritative.	LANG;LC_ALL;LC_CTYPE;LC_MESSAGES;NLSPATH	Produce the files, state changes, terminal/peer actions, or other effects specified by POSIX.	filesystem	Write diagnostics required by POSIX to standard error.	0 on successful completion; greater than 0 on error, except where POSIX defines command-specific values.	XCU:strip:SYNOPSIS,OPTIONS,OPERANDS,ENVIRONMENT_VARIABLES,STDIN,INPUT_FILES,STDOUT,STDERR,OUTPUT_FILES,EXIT_STATUS,CONSEQUENCES_OF_ERRORS	POSIX08-2016:https://pubs.opengroup.org/onlinepubs/9699919799.2016edition/utilities/strip.html;REPO:pkg/posixprovider/manifest.tsv#strip	scripts/posix_manifest_test.py;repository evidence named by evidence_ids	specified
stty	go	cmds/stty	go	cmds/stty	custom	stty [-a|-g] ; stty operand...	-	base	-a;-g	-	-	-	parenb (-parenb);parodd (-parodd);cs5 cs6 cs7 cs8;number;ispeed number;ospeed number;hupcl (-hupcl);hup (-hup);cstopb (-cstopb);cread (-cread);clocal (-clocal);ignbrk (-ignbrk);brkint (-brkint);ignpar (-ignpar);parmrk (-parmrk);inpck (-inpck);istrip (-istrip);inlcr (-inlcr);igncr (-igncr);icrnl (-icrnl);ixon (-ixon);ixany (-ixany);ixoff (-ixoff);opost (-opost);onlcr (-onlcr);ocrnl (-ocrnl);onocr (-onocr);onlret (-onlret);ofill (-ofill);ofdel (-ofdel);cr0 cr1 cr2 cr3;nl0 nl1;tab0 tab1 tab2 tab3;tabs (-tabs);bs0 bs1;ff0 ff1;vt0 vt1;isig (-isig);icanon (-icanon);iexten (-iexten);echo (-echo);echoe (-echoe);echok (-echok);echonl (-echonl);noflsh (-noflsh);tostop (-tostop);<control>-character string;min number;time number;saved settings;evenp or parity;oddp;-parity, -evenp, or -oddp;raw (-raw or cooked);nl (-nl);ek;sane	Use operands in the order and cardinality shown by each applicable synopsis; defined operand forms: parenb (-parenb);parodd (-parodd);cs5 cs6 cs7 cs8;number;ispeed number;ospeed number;hupcl (-hupcl);hup (-hup);cstopb (-cstopb);cread (-cread);clocal (-clocal);ignbrk (-ignbrk);brkint (-brkint);ignpar (-ignpar);parmrk (-parmrk);inpck (-inpck);istrip (-istrip);inlcr (-inlcr);igncr (-igncr);icrnl (-icrnl);ixon (-ixon);ixany (-ixany);ixoff (-ixoff);opost (-opost);onlcr (-onlcr);ocrnl (-ocrnl);onocr (-onocr);onlret (-onlret);ofill (-ofill);ofdel (-ofdel);cr0 cr1 cr2 cr3;nl0 nl1;tab0 tab1 tab2 tab3;tabs (-tabs);bs0 bs1;ff0 ff1;vt0 vt1;isig (-isig);icanon (-icanon);iexten (-iexten);echo (-echo);echoe (-echoe);echok (-echok);echonl (-echonl);noflsh (-noflsh);tostop (-tostop);<control>-character string;min number;time number;saved settings;evenp or parity;oddp;-parity, -evenp, or -oddp;raw (-raw or cooked);nl (-nl);ek;sane.	-:no command-specific operand meaning beyond the displayed synopsis;--:end options where POSIX Utility Syntax Guideline 10 applies	No command-specific standard-input use; the POSIX STDIN clause remains authoritative.	LANG;LC_ALL;LC_CTYPE;LC_MESSAGES;NLSPATH	Produce the files, state changes, terminal/peer actions, or other effects specified by POSIX.	terminal_or_peer_state	Write diagnostics required by POSIX to standard error.	0 on successful completion; greater than 0 on error, except where POSIX defines command-specific values.	XCU:stty:SYNOPSIS,OPTIONS,OPERANDS,ENVIRONMENT_VARIABLES,STDIN,INPUT_FILES,STDOUT,STDERR,OUTPUT_FILES,EXIT_STATUS,CONSEQUENCES_OF_ERRORS	POSIX08-2016:https://pubs.opengroup.org/onlinepubs/9699919799.2016edition/utilities/stty.html;REPO:cmds/stty	scripts/posix_manifest_test.py;repository evidence named by evidence_ids	specified
tabs	go	cmds/tabs	go	cmds/tabs	flagset	tabs [-T type] n[[sep[+]n]...]	xsi::tabs [-n|-a|-a2|-c|-c2|-c3|-f|-p|-s|-u] [-T type]	base;xsi	-T	xsi:-<n>,-a,-a2,-c,-c2,-c3,-f,-p,-s,-u	-	-T=<type>	n[[sep[+]n]...]	Use operands in the order and cardinality shown by each applicable synopsis; defined operand forms: n[[sep[+]n]...].	-:no command-specific operand meaning beyond the displayed synopsis;--:end options where POSIX Utility Syntax Guideline 10 applies	No command-specific standard-input use; the POSIX STDIN clause remains authoritative.	LANG;LC_ALL;LC_CTYPE;LC_MESSAGES;NLSPATH;TERM	Produce the files, state changes, terminal/peer actions, or other effects specified by POSIX.	terminal_or_peer_state	Write diagnostics required by POSIX to standard error.	0 on successful completion; greater than 0 on error, except where POSIX defines command-specific values.	XCU:tabs:SYNOPSIS,OPTIONS,OPERANDS,ENVIRONMENT_VARIABLES,STDIN,INPUT_FILES,STDOUT,STDERR,OUTPUT_FILES,EXIT_STATUS,CONSEQUENCES_OF_ERRORS	POSIX08-2016:https://pubs.opengroup.org/onlinepubs/9699919799.2016edition/utilities/tabs.html;REPO:cmds/tabs	scripts/posix_manifest_test.py;repository evidence named by evidence_ids	specified
tail	go	cmds/tail	go	cmds/tail	flagset	tail [-f] [-c number|-n number] [file]	-	base	-c;-f;-n	-	-	-c=<number>;-n=<number>	file	Use operands in the order and cardinality shown by each applicable synopsis; defined operand forms: file.	-:select standard input in a file-operand position;--:end options where POSIX Utility Syntax Guideline 10 applies	Read standard input for a '-' file operand as permitted by the synopsis.	LANG;LC_ALL;LC_CTYPE;LC_MESSAGES;NLSPATH	Write the required result format to standard output.	stdout	Write diagnostics required by POSIX to standard error.	0 on successful completion; greater than 0 on error, except where POSIX defines command-specific values.	XCU:tail:SYNOPSIS,OPTIONS,OPERANDS,ENVIRONMENT_VARIABLES,STDIN,INPUT_FILES,STDOUT,STDERR,OUTPUT_FILES,EXIT_STATUS,CONSEQUENCES_OF_ERRORS	POSIX08-2016:https://pubs.opengroup.org/onlinepubs/9699919799.2016edition/utilities/tail.html;REPO:cmds/tail	scripts/posix_manifest_test.py;repository evidence named by evidence_ids	specified
talk	external_provider	cmds/posixproviders	external_provider	pkg/posixprovider/manifest.tsv#talk	external	-	optional::talk address [terminal]	optional	-	-	-	-	address;terminal	Use operands in the order and cardinality shown by each applicable synopsis; defined operand forms: address;terminal.	-:no command-specific operand meaning beyond the displayed synopsis;--:end options where POSIX Utility Syntax Guideline 10 applies	No command-specific standard-input use; the POSIX STDIN clause remains authoritative.	LANG;LC_ALL;LC_CTYPE;LC_MESSAGES;NLSPATH;TERM	Produce the files, state changes, terminal/peer actions, or other effects specified by POSIX.	terminal_or_peer_state	Write diagnostics required by POSIX to standard error.	0 on successful completion; greater than 0 on error, except where POSIX defines command-specific values.	XCU:talk:SYNOPSIS,OPTIONS,OPERANDS,ENVIRONMENT_VARIABLES,STDIN,INPUT_FILES,STDOUT,STDERR,OUTPUT_FILES,EXIT_STATUS,CONSEQUENCES_OF_ERRORS	POSIX08-2016:https://pubs.opengroup.org/onlinepubs/9699919799.2016edition/utilities/talk.html;REPO:pkg/posixprovider/manifest.tsv#talk	scripts/posix_manifest_test.py;repository evidence named by evidence_ids	specified
tee	go	cmds/tee	go	cmds/tee	flagset	tee [-ai] [file...]	-	base	-a;-i	-	-	-	file	Use operands in the order and cardinality shown by each applicable synopsis; defined operand forms: file.	-:no command-specific operand meaning beyond the displayed synopsis;--:end options where POSIX Utility Syntax Guideline 10 applies	No command-specific standard-input use; the POSIX STDIN clause remains authoritative.	LANG;LC_ALL;LC_CTYPE;LC_MESSAGES;NLSPATH	Write the required result format to standard output.	stdout	Write diagnostics required by POSIX to standard error.	0 on successful completion; greater than 0 on error, except where POSIX defines command-specific values.	XCU:tee:SYNOPSIS,OPTIONS,OPERANDS,ENVIRONMENT_VARIABLES,STDIN,INPUT_FILES,STDOUT,STDERR,OUTPUT_FILES,EXIT_STATUS,CONSEQUENCES_OF_ERRORS	POSIX08-2016:https://pubs.opengroup.org/onlinepubs/9699919799.2016edition/utilities/tee.html;REPO:cmds/tee	scripts/posix_manifest_test.py;repository evidence named by evidence_ids	specified
test	go	cmds/test	shell	shell:test	shell_builtin	test [expression] ; [ [expression] ]	-	base	-	-	-	-	-b pathname;-c pathname;-d pathname;-e pathname;-f pathname;-g pathname;-h pathname;-L pathname;-n string;-p pathname;-r pathname;-S pathname;-s pathname;-t file_descriptor;-u pathname;-w pathname;-x pathname;-z string;string;s1 = s2;s1 != s2;n1 -eq n2;n1 -ne n2;n1 -gt n2;n1 -ge n2;n1 -lt n2;n1 -le n2;expression1 -a expression2;expression1 -o expression2;! expression;( expression )	Use operands in the order and cardinality shown by each applicable synopsis; defined operand forms: -b pathname;-c pathname;-d pathname;-e pathname;-f pathname;-g pathname;-h pathname;-L pathname;-n string;-p pathname;-r pathname;-S pathname;-s pathname;-t file_descriptor;-u pathname;-w pathname;-x pathname;-z string;string;s1 = s2;s1 != s2;n1 -eq n2;n1 -ne n2;n1 -gt n2;n1 -ge n2;n1 -lt n2;n1 -le n2;expression1 -a expression2;expression1 -o expression2;! expression;( expression ).	-:no command-specific operand meaning beyond the displayed synopsis;--:end options where POSIX Utility Syntax Guideline 10 applies	No command-specific standard-input use; the POSIX STDIN clause remains authoritative.	LANG;LC_ALL;LC_CTYPE;LC_MESSAGES;NLSPATH	Write the specified result to standard output; diagnostics use standard error.	stdout_or_diagnostic	Write diagnostics required by POSIX to standard error.	0 expression true; 1 expression false; greater than 1 on error.	XCU:test:SYNOPSIS,OPTIONS,OPERANDS,ENVIRONMENT_VARIABLES,STDIN,INPUT_FILES,STDOUT,STDERR,OUTPUT_FILES,EXIT_STATUS,CONSEQUENCES_OF_ERRORS	POSIX08-2016:https://pubs.opengroup.org/onlinepubs/9699919799.2016edition/utilities/test.html;REPO:SHELL:test	scripts/posix_manifest_test.py;repository evidence named by evidence_ids	specified
time	go	cmds/time	shell	shell:time	shell_keyword	time [-p] utility [argument...]	-	base	-p	-	-	-	utility;argument	Use operands in the order and cardinality shown by each applicable synopsis; defined operand forms: utility;argument.	-:no command-specific operand meaning beyond the displayed synopsis;--:end options where POSIX Utility Syntax Guideline 10 applies	No command-specific standard-input use; the POSIX STDIN clause remains authoritative.	LANG;LC_ALL;LC_CTYPE;LC_MESSAGES;LC_NUMERIC;NLSPATH;PATH	Produce the files, state changes, terminal/peer actions, or other effects specified by POSIX.	process_or_shell_state	Write diagnostics required by POSIX to standard error.	0 on successful completion; greater than 0 on error, except where POSIX defines command-specific values.	XCU:time:SYNOPSIS,OPTIONS,OPERANDS,ENVIRONMENT_VARIABLES,STDIN,INPUT_FILES,STDOUT,STDERR,OUTPUT_FILES,EXIT_STATUS,CONSEQUENCES_OF_ERRORS	POSIX08-2016:https://pubs.opengroup.org/onlinepubs/9699919799.2016edition/utilities/time.html;REPO:SHELL:time	scripts/posix_manifest_test.py;repository evidence named by evidence_ids	specified
touch	go	cmds/touch	go	cmds/touch	flagset	touch [-acm] [-r ref_file|-t time|-d date_time] file...	-	base	-a;-c;-d;-m;-r;-t	-	-	-d=<date_time>;-r=<ref_file>;-t=<time>	file	Use operands in the order and cardinality shown by each applicable synopsis; defined operand forms: file.	-:no command-specific operand meaning beyond the displayed synopsis;--:end options where POSIX Utility Syntax Guideline 10 applies	No command-specific standard-input use; the POSIX STDIN clause remains authoritative.	LANG;LC_ALL;LC_CTYPE;LC_MESSAGES;NLSPATH;TZ	Produce the files, state changes, terminal/peer actions, or other effects specified by POSIX.	filesystem	Write diagnostics required by POSIX to standard error.	0 on successful completion; greater than 0 on error, except where POSIX defines command-specific values.	XCU:touch:SYNOPSIS,OPTIONS,OPERANDS,ENVIRONMENT_VARIABLES,STDIN,INPUT_FILES,STDOUT,STDERR,OUTPUT_FILES,EXIT_STATUS,CONSEQUENCES_OF_ERRORS	POSIX08-2016:https://pubs.opengroup.org/onlinepubs/9699919799.2016edition/utilities/touch.html;REPO:cmds/touch	scripts/posix_manifest_test.py;repository evidence named by evidence_ids	specified
tput	go	cmds/tput	go	cmds/tput	flagset	tput [-T type] operand...	-	base	-T	-	-	-T=<type>	clear;init;reset	Use operands in the order and cardinality shown by each applicable synopsis; defined operand forms: clear;init;reset.	-:no command-specific operand meaning beyond the displayed synopsis;--:end options where POSIX Utility Syntax Guideline 10 applies	No command-specific standard-input use; the POSIX STDIN clause remains authoritative.	LANG;LC_ALL;LC_CTYPE;LC_MESSAGES;NLSPATH;TERM	Produce the files, state changes, terminal/peer actions, or other effects specified by POSIX.	terminal_or_peer_state	Write diagnostics required by POSIX to standard error.	0 on successful completion; greater than 0 on error, except where POSIX defines command-specific values.	XCU:tput:SYNOPSIS,OPTIONS,OPERANDS,ENVIRONMENT_VARIABLES,STDIN,INPUT_FILES,STDOUT,STDERR,OUTPUT_FILES,EXIT_STATUS,CONSEQUENCES_OF_ERRORS	POSIX08-2016:https://pubs.opengroup.org/onlinepubs/9699919799.2016edition/utilities/tput.html;REPO:cmds/tput	scripts/posix_manifest_test.py;repository evidence named by evidence_ids	specified
tr	go	cmds/tr	go	cmds/tr	flagset	tr [-c|-C] [-s] string1 string2 ; tr -s [-c|-C] string1 ; tr -d [-c|-C] string1 ; tr -ds [-c|-C] string1 string2	-	base	-c;-C;-d;-s	-	-	-	string1, string2	Use operands in the order and cardinality shown by each applicable synopsis; defined operand forms: string1, string2.	-:no command-specific operand meaning beyond the displayed synopsis;--:end options where POSIX Utility Syntax Guideline 10 applies	Read standard input when the applicable synopsis supplies no input-file operand.	LANG;LC_ALL;LC_COLLATE;LC_CTYPE;LC_MESSAGES;NLSPATH	Write the required result format to standard output.	stdout	Write diagnostics required by POSIX to standard error.	0 on successful completion; greater than 0 on error, except where POSIX defines command-specific values.	XCU:tr:SYNOPSIS,OPTIONS,OPERANDS,ENVIRONMENT_VARIABLES,STDIN,INPUT_FILES,STDOUT,STDERR,OUTPUT_FILES,EXIT_STATUS,CONSEQUENCES_OF_ERRORS	POSIX08-2016:https://pubs.opengroup.org/onlinepubs/9699919799.2016edition/utilities/tr.html;REPO:cmds/tr	scripts/posix_manifest_test.py;repository evidence named by evidence_ids	specified
true	go	cmds/true	shell	shell:true	shell_builtin	true	-	base	-	-	-	-	-	No operands are specified; use exactly the option-only or operand-free synopsis.	-:no command-specific operand meaning beyond the displayed synopsis;--:end options where POSIX Utility Syntax Guideline 10 applies	No command-specific standard-input use; the POSIX STDIN clause remains authoritative.	-	Write the specified result to standard output; diagnostics use standard error.	stdout_or_diagnostic	Write diagnostics required by POSIX to standard error.	Always zero.	XCU:true:SYNOPSIS,OPTIONS,OPERANDS,ENVIRONMENT_VARIABLES,STDIN,INPUT_FILES,STDOUT,STDERR,OUTPUT_FILES,EXIT_STATUS,CONSEQUENCES_OF_ERRORS	POSIX08-2016:https://pubs.opengroup.org/onlinepubs/9699919799.2016edition/utilities/true.html;REPO:SHELL:true	scripts/posix_manifest_test.py;repository evidence named by evidence_ids	specified
tsort	go	cmds/tsort	go	cmds/tsort	flagset	tsort [file]	-	base	-	-	-	-	file	Use operands in the order and cardinality shown by each applicable synopsis; defined operand forms: file.	-:no command-specific operand meaning beyond the displayed synopsis;--:end options where POSIX Utility Syntax Guideline 10 applies	Read standard input when the applicable synopsis supplies no input-file operand.	LANG;LC_ALL;LC_CTYPE;LC_MESSAGES;NLSPATH	Write the required result format to standard output.	stdout	Write diagnostics required by POSIX to standard error.	0 on successful completion; greater than 0 on error, except where POSIX defines command-specific values.	XCU:tsort:SYNOPSIS,OPTIONS,OPERANDS,ENVIRONMENT_VARIABLES,STDIN,INPUT_FILES,STDOUT,STDERR,OUTPUT_FILES,EXIT_STATUS,CONSEQUENCES_OF_ERRORS	POSIX08-2016:https://pubs.opengroup.org/onlinepubs/9699919799.2016edition/utilities/tsort.html;REPO:cmds/tsort	scripts/posix_manifest_test.py;repository evidence named by evidence_ids	specified
tty	go	cmds/tty	go	cmds/tty	flagset	tty	-	base	-	-	-	-	-	No operands are specified; use exactly the option-only or operand-free synopsis.	-:no command-specific operand meaning beyond the displayed synopsis;--:end options where POSIX Utility Syntax Guideline 10 applies	No command-specific standard-input use; the POSIX STDIN clause remains authoritative.	LANG;LC_ALL;LC_CTYPE;LC_MESSAGES;NLSPATH	Produce the files, state changes, terminal/peer actions, or other effects specified by POSIX.	terminal_or_peer_state	Write diagnostics required by POSIX to standard error.	0 on successful completion; greater than 0 on error, except where POSIX defines command-specific values.	XCU:tty:SYNOPSIS,OPTIONS,OPERANDS,ENVIRONMENT_VARIABLES,STDIN,INPUT_FILES,STDOUT,STDERR,OUTPUT_FILES,EXIT_STATUS,CONSEQUENCES_OF_ERRORS	POSIX08-2016:https://pubs.opengroup.org/onlinepubs/9699919799.2016edition/utilities/tty.html;REPO:cmds/tty	scripts/posix_manifest_test.py;repository evidence named by evidence_ids	specified
umask	shell_only	-	shell	shell:umask	shell_builtin	umask [-S] [mask]	-	base	-S	-	-	-	mask	Use operands in the order and cardinality shown by each applicable synopsis; defined operand forms: mask.	-:no command-specific operand meaning beyond the displayed synopsis;--:end options where POSIX Utility Syntax Guideline 10 applies	No command-specific standard-input use; the POSIX STDIN clause remains authoritative.	LANG;LC_ALL;LC_CTYPE;LC_MESSAGES;NLSPATH	Produce the files, state changes, terminal/peer actions, or other effects specified by POSIX.	process_or_shell_state	Write diagnostics required by POSIX to standard error.	0 on successful completion; greater than 0 on error, except where POSIX defines command-specific values.	XCU:umask:SYNOPSIS,OPTIONS,OPERANDS,ENVIRONMENT_VARIABLES,STDIN,INPUT_FILES,STDOUT,STDERR,OUTPUT_FILES,EXIT_STATUS,CONSEQUENCES_OF_ERRORS	POSIX08-2016:https://pubs.opengroup.org/onlinepubs/9699919799.2016edition/utilities/umask.html;REPO:SHELL:umask	scripts/posix_manifest_test.py;repository evidence named by evidence_ids	specified
unalias	shell_only	-	shell	shell:unalias	shell_builtin	unalias alias-name... ; unalias -a	-	base	-a	-	-	-	alias-name	Use operands in the order and cardinality shown by each applicable synopsis; defined operand forms: alias-name.	-:no command-specific operand meaning beyond the displayed synopsis;--:end options where POSIX Utility Syntax Guideline 10 applies	No command-specific standard-input use; the POSIX STDIN clause remains authoritative.	LANG;LC_ALL;LC_CTYPE;LC_MESSAGES;NLSPATH	Produce the files, state changes, terminal/peer actions, or other effects specified by POSIX.	process_or_shell_state	Write diagnostics required by POSIX to standard error.	0 on successful completion; greater than 0 on error, except where POSIX defines command-specific values.	XCU:unalias:SYNOPSIS,OPTIONS,OPERANDS,ENVIRONMENT_VARIABLES,STDIN,INPUT_FILES,STDOUT,STDERR,OUTPUT_FILES,EXIT_STATUS,CONSEQUENCES_OF_ERRORS	POSIX08-2016:https://pubs.opengroup.org/onlinepubs/9699919799.2016edition/utilities/unalias.html;REPO:SHELL:unalias	scripts/posix_manifest_test.py;repository evidence named by evidence_ids	specified
uname	go	cmds/uname	go	cmds/uname	flagset	uname [-amnrsv]	-	base	-a;-m;-n;-r;-s;-v	-	-	-	-	No operands are specified; use exactly the option-only or operand-free synopsis.	-:no command-specific operand meaning beyond the displayed synopsis;--:end options where POSIX Utility Syntax Guideline 10 applies	No command-specific standard-input use; the POSIX STDIN clause remains authoritative.	LANG;LC_ALL;LC_CTYPE;LC_MESSAGES;NLSPATH	Write the required result format to standard output.	stdout	Write diagnostics required by POSIX to standard error.	0 on successful completion; greater than 0 on error, except where POSIX defines command-specific values.	XCU:uname:SYNOPSIS,OPTIONS,OPERANDS,ENVIRONMENT_VARIABLES,STDIN,INPUT_FILES,STDOUT,STDERR,OUTPUT_FILES,EXIT_STATUS,CONSEQUENCES_OF_ERRORS	POSIX08-2016:https://pubs.opengroup.org/onlinepubs/9699919799.2016edition/utilities/uname.html;REPO:cmds/uname	scripts/posix_manifest_test.py;repository evidence named by evidence_ids	specified
unexpand	go	cmds/unexpand	go	cmds/unexpand	flagset	unexpand [-a|-t tablist] [file...]	-	base	-a;-t	-	-	-t=<tablist>	file	Use operands in the order and cardinality shown by each applicable synopsis; defined operand forms: file.	-:select standard input in a file-operand position;--:end options where POSIX Utility Syntax Guideline 10 applies	Read standard input for a '-' file operand and when no file operand is supplied.	LANG;LC_ALL;LC_CTYPE;LC_MESSAGES;NLSPATH	Write the required result format to standard output.	stdout	Write diagnostics required by POSIX to standard error.	0 on successful completion; greater than 0 on error, except where POSIX defines command-specific values.	XCU:unexpand:SYNOPSIS,OPTIONS,OPERANDS,ENVIRONMENT_VARIABLES,STDIN,INPUT_FILES,STDOUT,STDERR,OUTPUT_FILES,EXIT_STATUS,CONSEQUENCES_OF_ERRORS	POSIX08-2016:https://pubs.opengroup.org/onlinepubs/9699919799.2016edition/utilities/unexpand.html;REPO:cmds/unexpand	scripts/posix_manifest_test.py;repository evidence named by evidence_ids	specified
uniq	go	cmds/uniq	go	cmds/uniq	flagset	uniq [-c|-d|-u] [-f fields] [-s char] [input_file [output_file]]	-	base	-c;-d;-f;-s;-u	-	-	-f=<fields>;-s=<chars>	input_file;output_file	Use operands in the order and cardinality shown by each applicable synopsis; defined operand forms: input_file;output_file.	-:select standard input in a file-operand position;--:end options where POSIX Utility Syntax Guideline 10 applies	Read standard input for a '-' file operand and when no file operand is supplied.	LANG;LC_ALL;LC_CTYPE;LC_MESSAGES;NLSPATH	Write the required result format to standard output.	stdout	Write diagnostics required by POSIX to standard error.	0 on successful completion; greater than 0 on error, except where POSIX defines command-specific values.	XCU:uniq:SYNOPSIS,OPTIONS,OPERANDS,ENVIRONMENT_VARIABLES,STDIN,INPUT_FILES,STDOUT,STDERR,OUTPUT_FILES,EXIT_STATUS,CONSEQUENCES_OF_ERRORS	POSIX08-2016:https://pubs.opengroup.org/onlinepubs/9699919799.2016edition/utilities/uniq.html;REPO:cmds/uniq	scripts/posix_manifest_test.py;repository evidence named by evidence_ids	specified
uudecode	go	cmds/uudecode	go	cmds/uudecode	flagset	uudecode [-o outfile] [file]	-	base	-o	-	-	-o=<outfile>	file	Use operands in the order and cardinality shown by each applicable synopsis; defined operand forms: file.	-:no command-specific operand meaning beyond the displayed synopsis;--:end options where POSIX Utility Syntax Guideline 10 applies	Read standard input when the applicable synopsis supplies no input-file operand.	LANG;LC_ALL;LC_CTYPE;LC_MESSAGES;NLSPATH	Write the required result format to standard output.	stdout	Write diagnostics required by POSIX to standard error.	0 on successful completion; greater than 0 on error, except where POSIX defines command-specific values.	XCU:uudecode:SYNOPSIS,OPTIONS,OPERANDS,ENVIRONMENT_VARIABLES,STDIN,INPUT_FILES,STDOUT,STDERR,OUTPUT_FILES,EXIT_STATUS,CONSEQUENCES_OF_ERRORS	POSIX08-2016:https://pubs.opengroup.org/onlinepubs/9699919799.2016edition/utilities/uudecode.html;REPO:cmds/uudecode	scripts/posix_manifest_test.py;repository evidence named by evidence_ids	specified
uuencode	go	cmds/uuencode	go	cmds/uuencode	flagset	uuencode [-m] [file] decode_pathname	-	base	-m	-	-	-	decode_pathname;file	Use operands in the order and cardinality shown by each applicable synopsis; defined operand forms: decode_pathname;file.	-:no command-specific operand meaning beyond the displayed synopsis;--:end options where POSIX Utility Syntax Guideline 10 applies	No command-specific standard-input use; the POSIX STDIN clause remains authoritative.	LANG;LC_ALL;LC_CTYPE;LC_MESSAGES;NLSPATH	Write the required result format to standard output.	stdout	Write diagnostics required by POSIX to standard error.	0 on successful completion; greater than 0 on error, except where POSIX defines command-specific values.	XCU:uuencode:SYNOPSIS,OPTIONS,OPERANDS,ENVIRONMENT_VARIABLES,STDIN,INPUT_FILES,STDOUT,STDERR,OUTPUT_FILES,EXIT_STATUS,CONSEQUENCES_OF_ERRORS	POSIX08-2016:https://pubs.opengroup.org/onlinepubs/9699919799.2016edition/utilities/uuencode.html;REPO:cmds/uuencode	scripts/posix_manifest_test.py;repository evidence named by evidence_ids	specified
vi	external_provider	cmds/posixproviders	external_provider	pkg/posixprovider/manifest.tsv#vi	external	-	optional::vi [-rR] [-c command] [-t tagstring] [-w size] [file...]	optional	-	optional:-c,-r,-R,-t,-w	-	-c=<command>;-t=<tagstring>;-w=<size>	file	Use operands in the order and cardinality shown by each applicable synopsis; defined operand forms: file.	-:no command-specific operand meaning beyond the displayed synopsis;--:end options where POSIX Utility Syntax Guideline 10 applies	No command-specific standard-input use; the POSIX STDIN clause remains authoritative.	COLUMNS;EXINIT;HOME;LANG;LC_ALL;LC_COLLATE;LC_CTYPE;LC_MESSAGES;LINES;NLSPATH;PATH;SHELL;TERM	Produce the files, state changes, terminal/peer actions, or other effects specified by POSIX.	filesystem	Write diagnostics required by POSIX to standard error.	0 on successful completion; greater than 0 on error, except where POSIX defines command-specific values.	XCU:vi:SYNOPSIS,OPTIONS,OPERANDS,ENVIRONMENT_VARIABLES,STDIN,INPUT_FILES,STDOUT,STDERR,OUTPUT_FILES,EXIT_STATUS,CONSEQUENCES_OF_ERRORS	POSIX08-2016:https://pubs.opengroup.org/onlinepubs/9699919799.2016edition/utilities/vi.html;REPO:pkg/posixprovider/manifest.tsv#vi	scripts/posix_manifest_test.py;repository evidence named by evidence_ids	specified
wait	shell_only	-	shell	shell:wait	shell_builtin	wait [pid...]	-	base	-	-	-	-	pid	Use operands in the order and cardinality shown by each applicable synopsis; defined operand forms: pid.	-:no command-specific operand meaning beyond the displayed synopsis;--:end options where POSIX Utility Syntax Guideline 10 applies	No command-specific standard-input use; the POSIX STDIN clause remains authoritative.	LANG;LC_ALL;LC_CTYPE;LC_MESSAGES;NLSPATH	Produce the files, state changes, terminal/peer actions, or other effects specified by POSIX.	process_or_shell_state	Write diagnostics required by POSIX to standard error.	0 on successful completion; greater than 0 on error, except where POSIX defines command-specific values.	XCU:wait:SYNOPSIS,OPTIONS,OPERANDS,ENVIRONMENT_VARIABLES,STDIN,INPUT_FILES,STDOUT,STDERR,OUTPUT_FILES,EXIT_STATUS,CONSEQUENCES_OF_ERRORS	POSIX08-2016:https://pubs.opengroup.org/onlinepubs/9699919799.2016edition/utilities/wait.html;REPO:SHELL:wait	scripts/posix_manifest_test.py;repository evidence named by evidence_ids	specified
wc	go	cmds/wc	go	cmds/wc	flagset	wc [-c|-m] [-lw] [file...]	-	base	-c;-l;-m;-w	-	-	-	file	Use operands in the order and cardinality shown by each applicable synopsis; defined operand forms: file.	-:select standard input in a file-operand position;--:end options where POSIX Utility Syntax Guideline 10 applies	Read standard input for a '-' file operand and when no file operand is supplied.	LANG;LC_ALL;LC_CTYPE;LC_MESSAGES;NLSPATH	Write the required result format to standard output.	stdout	Write diagnostics required by POSIX to standard error.	0 on successful completion; greater than 0 on error, except where POSIX defines command-specific values.	XCU:wc:SYNOPSIS,OPTIONS,OPERANDS,ENVIRONMENT_VARIABLES,STDIN,INPUT_FILES,STDOUT,STDERR,OUTPUT_FILES,EXIT_STATUS,CONSEQUENCES_OF_ERRORS	POSIX08-2016:https://pubs.opengroup.org/onlinepubs/9699919799.2016edition/utilities/wc.html;REPO:cmds/wc	scripts/posix_manifest_test.py;repository evidence named by evidence_ids	specified
who	go	cmds/who	go	cmds/who	flagset	who -q [file] ; who am i ; who am I	xsi::who [-mTu] [-abdHlprt] [file] ; xsi::who [-mu] -s [-bHlprt] [file]	base;xsi	-q	xsi:-a,-b,-d,-H,-l,-m,-p,-r,-s,-t,-T,-u	-	-	am i, am I;file	Use operands in the order and cardinality shown by each applicable synopsis; defined operand forms: am i, am I;file.	-:no command-specific operand meaning beyond the displayed synopsis;--:end options where POSIX Utility Syntax Guideline 10 applies	No command-specific standard-input use; the POSIX STDIN clause remains authoritative.	LANG;LC_ALL;LC_CTYPE;LC_MESSAGES;LC_TIME;NLSPATH;TZ	Write the required result format to standard output.	stdout	Write diagnostics required by POSIX to standard error.	0 on successful completion; greater than 0 on error, except where POSIX defines command-specific values.	XCU:who:SYNOPSIS,OPTIONS,OPERANDS,ENVIRONMENT_VARIABLES,STDIN,INPUT_FILES,STDOUT,STDERR,OUTPUT_FILES,EXIT_STATUS,CONSEQUENCES_OF_ERRORS	POSIX08-2016:https://pubs.opengroup.org/onlinepubs/9699919799.2016edition/utilities/who.html;REPO:cmds/who	scripts/posix_manifest_test.py;repository evidence named by evidence_ids	specified
write	go	cmds/write	go	cmds/write	flagset	write user_name [terminal]	-	base	-	-	-	-	user_name;terminal	Use operands in the order and cardinality shown by each applicable synopsis; defined operand forms: user_name;terminal.	-:no command-specific operand meaning beyond the displayed synopsis;--:end options where POSIX Utility Syntax Guideline 10 applies	No command-specific standard-input use; the POSIX STDIN clause remains authoritative.	LANG;LC_ALL;LC_CTYPE;LC_MESSAGES;NLSPATH	Produce the files, state changes, terminal/peer actions, or other effects specified by POSIX.	terminal_or_peer_state	Write diagnostics required by POSIX to standard error.	0 on successful completion; greater than 0 on error, except where POSIX defines command-specific values.	XCU:write:SYNOPSIS,OPTIONS,OPERANDS,ENVIRONMENT_VARIABLES,STDIN,INPUT_FILES,STDOUT,STDERR,OUTPUT_FILES,EXIT_STATUS,CONSEQUENCES_OF_ERRORS	POSIX08-2016:https://pubs.opengroup.org/onlinepubs/9699919799.2016edition/utilities/write.html;REPO:cmds/write	scripts/posix_manifest_test.py;repository evidence named by evidence_ids	specified
xargs	go	cmds/xargs	go	cmds/xargs	manual	-	xsi::xargs [-ptx] [-E eofstr] [-I replstr|-L number|-n number] [-s size] [utility [argument...]]	xsi	-	xsi:-E,-I,-L,-n,-p,-s,-t,-x	-	-E=<eofstr>;-I=<replstr>;-L=<number>;-n=<number>;-s=<size>	utility;argument	Use operands in the order and cardinality shown by each applicable synopsis; defined operand forms: utility;argument.	-:no command-specific operand meaning beyond the displayed synopsis;--:end options where POSIX Utility Syntax Guideline 10 applies	Read standard input when the applicable synopsis supplies no input-file operand.	LANG;LC_ALL;LC_COLLATE;LC_CTYPE;LC_MESSAGES;NLSPATH;PATH	Produce the files, state changes, terminal/peer actions, or other effects specified by POSIX.	process_or_shell_state	Write diagnostics required by POSIX to standard error.	0 on successful completion; greater than 0 on error, except where POSIX defines command-specific values.	XCU:xargs:SYNOPSIS,OPTIONS,OPERANDS,ENVIRONMENT_VARIABLES,STDIN,INPUT_FILES,STDOUT,STDERR,OUTPUT_FILES,EXIT_STATUS,CONSEQUENCES_OF_ERRORS	POSIX08-2016:https://pubs.opengroup.org/onlinepubs/9699919799.2016edition/utilities/xargs.html;REPO:cmds/xargs	scripts/posix_manifest_test.py;repository evidence named by evidence_ids	specified
